FEATURE_ID	Kingdom	Phylum	Class	Order	Family	Genus	Species
GTGTCAGCAGCCGCGGTAATACGTAGGGTGCGAGCGTTAATCGGAATTACTGGGCGTAAAGCGTGCGCAGGCGGTTTTGTAAGACAGACGTGAAATCCCCGGGCTTAACCTGGGAACTGCGTTTGTGACTGCAAGGCTAGAGTACGGCAGAGGGGGGTAGAATTCCACGTGTAGCAGTGAAATGCGTAGATATGTGGAGGAATACCGATGGCGAAGGCAGCCCCCTGGGTCGATACTGACGCTCATGCACGAAAGCGTGGGGAGCAAACAGGATTAGAAACCCTAGTAGTCC	Bacteria	Proteobacteria	Gammaproteobacteria	Burkholderiales	Gallionellaceae	Sideroxydans	
GTGTCAGCAGCCGCGGTAATACGTAGGGTGCGAGCGTTAATCGGAATTACTGGGCGTAAAGCGTGCGCAGGCGGTTTTGTAAGACAGACGTGAAATCCCCGGGCTTAACCTGGGAACTGCGTTTGTGACTGCAAGGCTAGAGTACGGCAGAGGGGGGTAGAATTCCACGTGTAGCAGTGAAATGCGTAGATATGTGGAGGAATACCGATGGCGAAGGCAGCCCCCTGGGTCGATACTGACGCTCATGCACGAAAGCGTGGGGAGCAAACAGGATTAGATACCCCAGTAGTCC	Bacteria	Proteobacteria	Gammaproteobacteria	Burkholderiales	Gallionellaceae	Sideroxydans	
GTGTCAGCAGCCGCGGTAATACGGAGGTGGCAAGCGTTACTCGGATTTATTGGGTGTAAAGGGCAGGTAGGTGGTTCTGTAAGTCGGAAGTGAAATCCCCCGGCTCAACCGGGGAACTGCTTTCGAAACTGCAGGACTTGAGACTAGAAGAGGAGAGCGGAATTCCCGGTGTAAGGGTGAAATCTGTAGATATCGGGAGGAACACCAGTAGCGAAGGCGGCTCTCTGGGCTAGTTCTGACACTGAGCTGCGAAAGCTAGGGGAGCAAACAGGATTAGAAACCCTTGTAGTCC	Bacteria	Verrucomicrobiota	Omnitrophia	Omnitrophales	Omnitrophaceae	Candidatus_Omnitrophus	
GTGTCAGCAGCCGCGGTAAGACGTAGGATGCAAGCGTTACTCGGAATCACTGGGCGTAAAGCGTCTGTAGGCGTTTCATCAAGTCTGGTGTGAAAGTGCGAAGCTCAACTTCGTGTCTGCACTGGAAACTAATGAAATCGAGAGATCCAGAGGTACCTGGAATGCTGTGTGTAGGGGTAAAATCCGTAGATACACAGTAGAACGCTCAAAGCGAAAGCAGGGTACTGGGGATTTTCTGACGCTGAGAGACGAAAGCGTGGGGAGCAAACCGGATTAGAAACCCTTGTAGTCC	Bacteria	Patescibacteria	Gracilibacteria	Candidatus_Peribacteria	Candidatus_Peribacteria	Candidatus_Peribacteria	uncultured_bacterium
GTGTCAGCAGCCGCGGTAAGACAGAGGTGGCAAGCGTTGTTCGGAATTACTGGGCTTAAAGGGCGCGTAGGCGTTCCAATAAGTCAGATGTGGAATCCTTAGGCTTAACCTAAGAATTGCATTTGAAACTGTTGGAATTGAGTAAGGCTGGGGAGGGCAGAATTCCTGGTGTAGCGGTGAAATGCGTAGATATCAGGAGGAAGGCCAGTGGCGAAGGTGGCCCTCTGGGCCTTAACTGACGCTGAGGCGCGAAAGCGTGGGTAGCAAACAGGATTAGATACCCTAGTAGTCC	Bacteria	Nitrospirota	Thermodesulfovibrionia	uncultured	uncultured	uncultured	uncultured_bacterium
GTGTCAGCAGCCGCGGTAATACAGAGGGTGCAAGCGTTAATCGGAATTACTGGGCGTAAAGCGCGCGTAGGTGGTTTGTTAAGTTGGATGTGAAAGCCCCGGGCTCAACCTGGGAACTGCATCCAAAACTGGCAAGCTAGAGTATGGTAGAGGGTGGTGGAATTTCCTGTGTAGCGGTGAAATGCGTAGATATAGGAAGGAACACCAGTGGCGAAGGCGACCACCTGGACTGATACTGACACTGAGGTGCGAAAGCGTGGGGAGCAAACAGGATTAGATACCCTAGTAGTCC	Bacteria	Proteobacteria	Gammaproteobacteria	Pseudomonadales	Pseudomonadaceae	Pseudomonas	
GTGTCAGCAGCCGCGGTAATACAGAGGGTGCGAGCGTTAATCGGATTTACTGGGCGTAAAGCGTGCGTAGGCGGCTTTTTAAGTCGGATGTGAAATCCCTGAGCTTAACTTAGGAATTGCATTCGATACTGGGAAGCTAGAGTATGGGAGAGGATGGTAGAATTCCAGGTGTAGCGGTGAAATGCGTAGAGATCTGGAGGAATACCGATGGCGAAGGCAGCCATCTGGCCTAATACTGACGCTGAGGTACGAAAGCATGGGGAGCAAACAGGATTAGAAACCCTTGTAGTCC	Bacteria	Proteobacteria	Gammaproteobacteria	Pseudomonadales	Moraxellaceae	Acinetobacter	
GTGTCAGCAGCCGCGGTAATACGTAGGGTGCGAGCGTTAATCGGAATTACTGGGCGTAAAGCGTGCGCAGGCGGTTTTGTAAGACAGACGTGAAATCCCCGGGCTTAACCTGGGAACTGCGTTTGTGACTGCAAGGCTAGAGTACGGCAGAGGGGGGTAGAATTCCACGTGTAGCAGTGAAATGCGTAGATATGTGGAGGAATACCGATGGCGAAGGCAGCCCCCTGGGTCGATACTGACGCTCATGCACGAAAGCGTGGGGAGCAAACAGGATTAGATACCCTTGTAGTCC	Bacteria	Proteobacteria	Gammaproteobacteria	Burkholderiales	Gallionellaceae	Sideroxydans	
GTGTCAGCAGCCGCGGTAAGACAGAGGTGGCAAGCGTTGTTCGGAATTACTGGGCTTAAAGGGCGCGTAGGCGTTCCAATAAGTCAGATGTGGAATCCTTAGGCTTAACCTAAGAATTGCATTTGAAACTGTTGGGATTGAGTAAGGCTGGGGAGGGCAGAATTCCTGGTGTAGCGGTGAAATGCGTAGATATCAGGAGGAAGGCCAGTGGCGAAGGTGGCCCTCTGGGCCTTAACTGACGCTGAGGCGCGAAAGCGTGGGTAGCAAACAGGATTAGAAACCCTAGTAGTCC	Bacteria	Nitrospirota	Thermodesulfovibrionia	uncultured	uncultured	uncultured	uncultured_bacterium
GTGTCAGCAGCCGCGGTAATACGTAGGGTGCAAGCGTTAATCGGAATTACTGGGCGTAAAGCGTGCGCAGGCGGTTATGTAAGACAGATGTGAAATCCCCGGGCTTAACCTGGGAACTGCATTTGTGACTGCATAGCTAGAGTACGGTAGAGGGGGATGGAATTCCGCGTGTAGCAGTGAAATGCGTAGATATGCGGAGGAACACCGATGGCGAAGGCAATCCCCTGGACCTGTACTGACGCTCATGCACGAAAGCGTGGGGAGCAAACAGGATTAGATACCCTGGTAGTCC	Bacteria	Proteobacteria	Gammaproteobacteria	Burkholderiales	Comamonadaceae		
GTGTCAGCAGCCGCGGTAAAACCAGCACCTCAAGTGGTCAGGATGATTATTGGGCCTAAAGCATCCGTAGCTCGTTTTGTAAGTTTTCGGTTAAATCCATGCGCTTAACGTATGGGCTGCCGGGAATACTGCATAACTAGGAAGTGGGAGAGGTAGACGGTACTCGGTAGGAAGGGGTAAAATCCTTTGATCTATTGATGACCACCTGTGGCGAAGGCGGTCTACCAGAACACGTTCGACGGTGAGGGATGAAAGCTGGGGGAGCAAACCGGATTAGATACCCTGGTAGTCC	Archaea	Crenarchaeota	Nitrososphaeria	Nitrosopumilales	Nitrosopumilaceae	Nitrosarchaeum	
GTGTCAGCAGCCGCGGTAATACGTAGGGTGCGAGCGTTAATCGGAATTACTGGGCGTAAAGCGTGCGCAGGCGGTTCTATAAGACAGATGTGAAATCCCCGGGCTCAACCTGGGAATGGCATTTGTGACTGTAGAGCTAGAGTACGGTAGAGGGGGATGGAATTCCGCGTGTAGCAGTGAAATGCGTAGATATGCGGAGGAACACCGATGGCGAAGGCAATCCCCTGGACCTGTACTGACGCTCATGCACGAAAGCGTGGGGAGCAAACAGGATTAGATACCCTTGTAGTCC	Bacteria	Proteobacteria	Gammaproteobacteria	Burkholderiales	Comamonadaceae		
GTGTCAGCAGCCGCGGTAATACGTAGGGTGCAAGCGTTAATCGGAATTACTGGGCGTAAAGCGTGCGCAGGCGGTTTTGTAAGTCTGATGTGAAATCCCCGGGCTCAACCTGGGAATTGCATTGGAGACTGCAAGGCTAGAATCTGGCAGAGGGGGGTAGAATTCCACGTGTAGCAGTGAAATGCGTAGAGATGTGGAGGAACACCGATGGCGAAGGCAGCCCCCTGGGTCAAGATTGACGCTCATGCACGAAAGCGTGGGGAGCAAACAGGATTAGATACCCTTGTAGTCC	Bacteria	Proteobacteria	Gammaproteobacteria	Burkholderiales	Oxalobacteraceae		
GTGTCAGCAGCCGCGGTAATACGTAGGGTGCAAGCGTTAATCGGAATTACTGGGCGTAAAGCGTGCGCAGGCGGTTATGTAAGACAGATGTGAAATCCCCGGGCTTAACCTGGGAACTGCATTTGTGACTGCATAGCTAGAGTACGGTAGAGGGGGATGGAATTCCGCGTGTAGCAGTGAAATGCGTAGATATGCGGAGGAACACCGATGGCGAAGGCAATCCCCTGGACCTGTACTGACGCTCATGCACGAAAGCGTGGGGAGCAAACAGGATTAGAAACCCCTGTAGTCC	Bacteria	Proteobacteria	Gammaproteobacteria	Burkholderiales	Comamonadaceae		
GTGTCAGCAGCCGCGGTAAAACCAGCACCTCAAGTGGTCAGGATGATTATTGGGCCTAAAGCATCCGTAGCTCGTTTTGTAAGTTTTCGGTTAAATCCATGCGCTTAACGTATGGGCTGCCGGGAATACTGCATAACTAGGAAGTGGGAGAGGTAGACGGTACTCGGTAGGAAGGGGTAAAATCCTTTGATCTATTGATGACCACCTGTGGCGAAGGCGGTCTACCAGAACACGTTCGACGGTGAGGGATGAAAGCTGGGGGAGCAAACCGGATTAGAAACCCTTGTAGTCC	Archaea	Crenarchaeota	Nitrososphaeria	Nitrosopumilales	Nitrosopumilaceae	Nitrosarchaeum	
GTGTCAGCCGCCGCGGTAATACAGAGGGTGCAAGCGTTAATCGGAATTACTGGGCGTAAAGCGCGCGTAGGTGGTTTGTTAAGTTGGATGTGAAAGCCCCGGGCTCAACCTGGGAACTGCATCCAAAACTGGCAAGCTAGAGTATGGTAGAGGGTGGTGGAATTTCCTGTGTAGCGGTGAAATGCGTAGATATAGGAAGGAACACCAGTGGCGAAGGCGACCACCTGGACTGATACTGACACTGAGGTGCGAAAGCGTGGGGAGCAAACAGGATTAGAAACCCTAGTAGTCC	Bacteria	Proteobacteria	Gammaproteobacteria	Pseudomonadales	Pseudomonadaceae	Pseudomonas	
GTGCCAGCAGCCGCGGTAAGACAGAGGTGGCAAGCGTTGTTCGGATTTACTGGGCGTAAAGCGCGTGTAGGCGGTTTAGTAAGTCAGGCGTGAAATCTTCCGACTTAATCGGGAAACTGCGCTTGATACTGCTTTACTTGAGTGTGGGAGAGGAGAGTGGAATTCCCGGTGTAGCGGTGAAATGCGTAGATATCGGGAGGAACACCAGTGGCGAAGGCGGCTCTCTGGACCACTACTGACGCTGAGACGCGAAAGCGTGGGGAGCAAACAGGATTAGAAACCCTTGTAGTCC	Bacteria						
GTGTCAGCAGCCGCGGTAATACAGAGGGTGCGAGCGTTAATCGGATTTACTGGGCGTAAAGCGTGCGTAGGCGGCTTCTTAAGTCGGATGTGAAATCCCTGAGCTTAACTTAGGAATTGCATTCGATACTGGGAAGCTAGAGTATGGGAGAGGATGGTAGAATTCCAGGTGTAGCGGTGAAATGCGTAGAGATCTGGAGGAATACCGATGGCGAAGGCAGCCATCTGGCCTAATACTGACGCTGAGGTACGAAAGCATGGGGAGCAAACAGGATTAGATACCCGAGTAGTCC	Bacteria	Proteobacteria	Gammaproteobacteria	Pseudomonadales	Moraxellaceae	Acinetobacter	
GTGTCAGCAGCCGCGGTAATACAGAGGGTGCAAGCGTTAATCGGAATTACTGGGCGTAAAGCGCGCGTAGGTGGTTAGTTAAGTTGGATGTGAAATCCCCGGGCTCAACCTGGGAACTGCATTCAAAACTGACTGACTAGAGTATGGTAGAGGGTGGTGGAATTTCCTGTGTAGCGGTGAAATGCGTAGATATAGGAAGGAACACCAGTGGCGAAGGCGACCACCTGGACTGATACTGACACTGAGGTGCGAAAGCGTGGGGAGCAAACAGGATTAGATACCCTCGTAGTCC	Bacteria	Proteobacteria	Gammaproteobacteria	Pseudomonadales	Pseudomonadaceae	Pseudomonas	
GTGTCAGCAGCCGCGGTAATACGTAGGGTGCGAGCGTTAATCGGAATTACTGGGCGTAAAGCGTGCGCAGGCGGTTTTGTAAGACAGACGTGAAATCCCCGGGCTTAACCTGGGAACTGCGTTTGTGACTGCAAGGCTAGAGTACGGCAGAGGGGGGTAGAATTCCACGTGTAGCAGTGAAATGCGTAGATATGTGGAGGAATACCGATGGCGAAGGCAGCCCCCTGGGTCGATACTGACGCTCATGCACGAAAGCGTGGGGAGCAAACAGGATTAGATACCCGAGTAGTCC	Bacteria	Proteobacteria	Gammaproteobacteria	Burkholderiales	Gallionellaceae	Sideroxydans	
GTGCCAGCAGCCGCGGTAAGACAGAGGTGGCAAGCGTTGTTCGGATTTACTGGGCGTAAAGCGCGTGTAGGCGGTTTAGTAAGTCAGGCGTGAAATCTTCCGACTTAATCGGGAAACTGCGCTTGATACTGCTTTACTTGAGTGTGGGAGAGGAGAGTGGAATTCCCGGTGTAGCGGTGAAATGCGTAGATATCGGGAGGAACACCAGTGGCGAAGGCGGCTCTCTGGACCACTACTGACGCTGAGACGCGAAAGCGTGGGGAGCAAACAGGATTAGAAACCCCAGTAGTCC	Bacteria						
GTGTCAGCAGCCGCGGTAATACAGAGGGTGCGAGCGTTAATCGGATTTACTGGGCGTAAAGCGTGCGTAGGCGGCTTTTTAAGTCGGATGTGAAATCCCTGAGCTTAACTTAGGAATTGCATTCGATACTGGGAAGCTAGAGTATGGGAGAGGATGGTAGAATTCCAGGTGTAGCGGTGAAATGCGTAGAGATCTGGAGGAATACCGATGGCGAAGGCAGCCATCTGGCCTAATACTGACGCTGAGGTACGAAAGCATGGGGAGCAAACAGGATTAGATACCCTTGTAGTCC	Bacteria	Proteobacteria	Gammaproteobacteria	Pseudomonadales	Moraxellaceae	Acinetobacter	
GTGTCAGCAGCCGCGGTAATACGTAGGGTGCGAGCGTTAATCGGAATTACTGGGCGTAAAGCGTGCGCAGGCGGTTCTATAAGACAGATGTGAAATCCCCGGGCTCAACCTGGGAATGGCATTTGTGACTGTAGAGCTAGAGTACGGTAGAGGGGGATGGAATTCCGCGTGTAGCAGTGAAATGCGTAGATATGCGGAGGAACACCGATGGCGAAGGCAATCCCCTGGACCTGTACTGACGCTCATGCACGAAAGCGTGGGGAGCAAACAGGATTAGAAACCCTTGTAGTCC	Bacteria	Proteobacteria	Gammaproteobacteria	Burkholderiales	Comamonadaceae		
GTGTCAGCAGCCGCGGTAAGACAGAGGTGGCAAGCGTTGTTCGGAATTACTGGGCTTAAAGGGCGCGTAGGCGTTCCAATAAGTCAGATGTGGAATCCTTAGGCTTAACCTAAGAATTGCATTTGAAACTGTTGGAATTGAGTAAGGCTGGGGAGGGCAGAATTCCTGGTGTAGCGGTGAAATGCGTAGATATCAGGAGGAAGGCCAGTGGCGAAGGTGGCCCTCTGGGCCTTAACTGACGCTGAGGCGCGAAAGCGTGGGTAGCAAACAGGATTAGATACCCCAGTAGTCC	Bacteria	Nitrospirota	Thermodesulfovibrionia	uncultured	uncultured	uncultured	uncultured_bacterium
GTGTCAGCAGCCGCGGTAAGACAGAGGTGGCAAGCGTTGTTCGGATTTACTGGGCGTAAAGGGTGCGTAGGTGGTTAGGTAAGACCTGCGGGAAAGACCTGGGCTTAACCCAGGAAGGTCGTAGGTGACTGCCTGGCTAGAGGGCGGGAGAGGAGAGCGGAATTCCCGGTGTAGCGGTGAAATGCGTAGAGATCGGGAGGAAGGCCGGTGGCGAAGGCGGCTCTCTGGAACGTTCCTGACACTGAGGCACGAAAGCGTGGGGAGCAAACAGGATTAGAAACCCCTGTAGTCC	Bacteria	Nitrospirota	Nitrospiria	Nitrospirales	Nitrospiraceae	Nitrospira	
GTGCCAGCAGCCGCGGTAAGACAGAGGTGGCAAGCGTTGTTCGGAATTACTGGGCTTAAAGGGCGCGTAGGCGTTCCAATAAGTCAGATGTGGAATCCTTAGGCTTAACCTAAGAATTGCATTTGAAACTGTTGGGATTGAGTAAGGCTGGGGAGGGCAGAATTCCTGGTGTAGCGGTGAAATGCGTAGATATCAGGAGGAAGGCCAGTGGCGAAGGTGGCCCTCTGGGCCTTAACTGACGCTGAGGCGCGAAAGCGTGGGTAGCAAACAGGATTAGAAACCCTTGTAGTCC	Bacteria	Nitrospirota	Thermodesulfovibrionia	uncultured	uncultured	uncultured	uncultured_bacterium
GTGTCAGCAGCCGCGGTAATACGTAGGGTGCGAGCGTTAATCGGAATTACTGGGCGTAAAGCGTGCGCAGGCGGTTTGGTAAGACAGATGTGAAATCCCCGGGCTTAACCTGGGAACTGCATTTGTGACTGCCAGACTAGAGTGTAGCAGAGGGGGGTAGAATTCCACGTGTAGCAGTGAAATGCGTAGAGATGTGGAGGAATACCGATGGCGAAGGCAGCCCCCTGGGCTAACACTGACGCTCATGCACGAAAGCGTGGGGAGCAAACAGGATTAGATACCCGTGTAGTCC	Bacteria	Proteobacteria	Gammaproteobacteria	Burkholderiales	Gallionellaceae		
GTGTCAGCCGCCGCGGTAAGACAGAGGTGGCTAGCGTTGTTCGGATTCATTGGGTGTAAAGGGTGCGTAGGCGGTTTAGAAAGTTAGATGTGAAAGCCCACAGCTCAACTGTGGAAATGCATCTAAAACTTCTAGACTAGAGTGCGAGAGAGGTGAAGGGAATTCCCGGTGTAAGGGTGAAATCTGCAGAGATCGGGAGGAACACCAGTAGCGAAGGCGCTTCACTGGCTCGCAACTGACGCTGAGTGCACGAAGGTGTGGGGAGCAAACGGGATTAGATACCCCTGTAGTCC	Bacteria	Verrucomicrobiota	Omnitrophia	Omnitrophales	Omnitrophaceae	Candidatus_Omnitrophus	uncultured_bacterium
GTGTCAGCAGCCGCGGTAATACGGAGGTGGCAAGCGTTACTCGGATTTATTGGGTGTAAAGGGCAGGTAGGTGGTTCTGTAAGTCGGAAGTGAAATCCCCCGGCTCAACCGGGGAACTGCTTTCGAAACTGCAGGACTTGAGACTATAAGAGGAGAGCGGAATTCCCGGTGTAAGGGTGAAATCTGTAGATATCGGGAGGAACACCAGTAGCGAAGGCGGCTCTCTGGGATAGTTCTGACACTGAGCTGCGAAAGCTAGGGGAGCAAACAGGATTAGATACCCTAGTAGTCC	Bacteria	Verrucomicrobiota	Omnitrophia	Omnitrophales	Omnitrophaceae	Candidatus_Omnitrophus	
GTGCCAGCAGCCGCGGTAATACAGAGGTGGCTAGCGTTGTTCGGATTCATTGGGTGTAAAGGGTGCGTAGGCGGCCCGGAAAGTCAGATGTGAAAGCCTAGAGCTCAACTCTAGAATTGCATTTGAAACTTCCAGGCTCGAGTGCGGAAGAGGTGAAGGGAATTCCCGGTGTAAGGGTGAAATCTGCAGAGATCGGGAGGAACACCAGTAGCGAAGGCGCTTCACTGGTCCGCAACTGACGCTGAGTGCACGAAGGCGTGGGGAGCAAACGGGATTAGAAACCCTAGTAGTCC	Bacteria	Verrucomicrobiota	Omnitrophia	Omnitrophales	Omnitrophaceae	Candidatus_Omnitrophus	
GTGTCAGCAGCCGCGGTAATACGTAGGGTGCGAGCGTTAATCGGAATTACTGGGCGTAAAGCGTGCGCAGGCGGCTTTGCAAGACAGATGTGAAATCCCCGGGCTCAACCTGGGAACTGCATTTGTGACTGCAAGGCTAGAGTACGGCAGAGGGGGATGGAATTCCGCGTGTAGCAGTGAAATGCGTAGATATGCGGAGGAACACCAATGGCGAAGGCAATCCCCTGGGCCTGTACTGACGCTCATGCACGAAAGCGTGGGGAGCAAACAGGATTAGATACCCCTGTAGTCC	Bacteria	Proteobacteria	Gammaproteobacteria	Burkholderiales	Comamonadaceae	Aquabacterium	
GTGTCAGCAGCCGCGGTAATACGTAGGTGGCAAGCGTTGTCCGGAATTATTGGGCGTAAAGCGCGCGCAGGCGGTCTCTTAAGTCTGATGTGAAATCTCGCGGCTCAACCGCAAGCGGCCATTGGAAACTGGGAGGCTTGAGTGCAGAAGAGGAGAGTGGAATTCCATGTGTAGCGGTGAAATGCGTAGATATATGGAGGAACACCAGTGGCGAAGGCGACTCTCTGGTCTGTAACTGACGCTGAGGCGCGAAAGCGTGGGGAGCAAACAGGATTAGATACCCTGGTAGTCC	Bacteria	Firmicutes	Bacilli	Bacillales	Bacillaceae		
GTGCCAGCAGCCGCGGTAACACCAGCGCTACAAGTGGGAATCACGATTATTGGGTCTAAAGGGTCCGTAGCCGGCCTGTTAAATTTTTCGTGAAATTGTTGTGCTTAACATAACAGTATGCGAAAAACACTGATAGGCTAGAGACTGGGAGAAGATAGAGGTATTCTTGGGGAAGCGGTAAAATGTGATAATCCCTAGAGGACCACCAATGGCGAAGGCATCTATCTAGAACAGATCTGACGGTGATGGACGAAAGCTAGGGGAGCGATCCGGATTAGATACCCCAGTAGTCC	Archaea	Nanoarchaeota	Nanoarchaeia	Woesearchaeales	Woesearchaeales	Woesearchaeales	
GTGCCAGCAGCCGCGGTAATACAGAGGGTGCAAGCGTTAATCGGAATTACTGGGCGTAAAGCGTGCGTAGGTGGTTTGATAAGTCAGATGTGAAATCCCTGGGCTCAACCTGGGAACTGCATTTGATACTGTCGAACTCGAGTTCAGTAGAGGGTAGTAGAATTCCCGGTGTAGCGGTGAAATGCGTAGATATCGGGAGGAATACCAGTGGCGAAGGCGGCTACCTGGACTGAAACTGACACTGAGGTACGAAAGCGTGGGTAGCAAACAGGATTAGAAACCCTTGTAGTCC	Bacteria	Proteobacteria	Gammaproteobacteria	Acidiferrobacterales	Acidiferrobacteraceae	Sulfurifustis	uncultured_proteobacterium
GTGTCAGCCGCCGCGGTAATACAGAGGGTGCAAGCGTTAATCGAAATTACTGGGCGTAAAGCGTGCGTAGGTGGTTTGCTAAGTCGGGTGTGAAATCCCCGGGCTCAACCTGGGAACTGCGCTTGATACTGGCAGGCTTGAGTTTGGTAGAGGGTAGTGGAATTCCCGGTGTAGCGGTGAAATGCGTAGATATCGGGAGGAACACCAGTGGCGAAGGCGGCTACCTGGACCAAAACTGACACTGAGGCACGAAAGCGTGGGGAGCAAACAGGATTAGAAACCCCCGTAGTCC	Bacteria	Proteobacteria	Gammaproteobacteria	Acidiferrobacterales	Acidiferrobacteraceae	Sulfurifustis	
GTGTCAGCAGCCGCGGTAATACGTAGGGTGCGAGCGTTAATCGGAATTACTGGGCGTAAAGCGTGCGCAGGCGGCTTTGCAAGACAGATGTGAAATCCCCGGGCTCAACCTGGGAACTGCATTTGTGACTGCAAGGCTAGAGTACGGCAGAGGGGGATGGAATTCCGCGTGTAGCAGTGAAATGCGTAGATATGCGGAGGAACACCAATGGCGAAGGCAATCCCCTGGGCCTGTACTGACGCTCATGCACGAAAGCGTGGGGAGCAAACAGGATTAGAAACCCCAGTAGTCC	Bacteria	Proteobacteria	Gammaproteobacteria	Burkholderiales	Comamonadaceae	Aquabacterium	
GTGTCAGCAGCCGCGGTAAAACCAGCACCTCAAGTGGTCAGGATGATTATTGGGCCTAAAGCATCCGTAGCTCGTTTTGTAAGTTTTCGGTTAAATCCATGCGCTTAACGTATGGGCTGCCGGGAATACTGCATAACTAGGAAGTGGGAGAGGTAGACGGTACTCGGTAGGAAGGGGTAAAATCCTTTGATCTATTGATGACCACCTGTGGCGAAGGCGGTCTACCAGAACACGTTCGACGGTGAGGGATGAAAGCTGGGGGAGCAAACCGGATTAGAAACCCGAGTAGTCC	Archaea	Crenarchaeota	Nitrososphaeria	Nitrosopumilales	Nitrosopumilaceae	Nitrosarchaeum	
GTGTCAGCAGCCGCGGTAACCCCAGCGCCACAAGTGGCAATCGCTATTATTGGGCCTAAAGCGTCCGTAGCCGGCCGAGTAAATCTTTTGTGAAATTGTCCCGCTTAACGGGACAACGTGCAGAAGACACTGCTTGGCTCGGAACCGGGAGGAGTCAGAGGTATGCTGGGGGGAGCGGTAAAATGTGATAATCCCCAGTAGACCACCTGTGGCGAAGGCGTCTGACTAGAACGGATTCGACGGTGAGGGACGAAAGCCAGGGGAGCAAAACGGATTAGAAACCCCAGTAGTCC	Archaea	Nanoarchaeota	Nanoarchaeia	Woesearchaeales	Woesearchaeales	Woesearchaeales	
GTGTCAGCAGCCGCGGTAATACAGAGGGTGCGAGCGTTAATCGGATTTACTGGGCGTAAAGCGTGCGTAGGCGGCTTCTTAAGTCGGATGTGAAATCCCTGAGCTTAACTTAGGAATTGCATTCGATACTGGGAAGCTAGAGTATGGGAGAGGATGGTAGAATTCCAGGTGTAGCGGTGAAATGCGTAGAGATCTGGAGGAATACCGATGGCGAAGGCAGCCATCTGGCCTAATACTGACGCTGAGGTACGAAAGCATGGGGAGCAAACAGGATTAGATACCCTAGTAGTCC	Bacteria	Proteobacteria	Gammaproteobacteria	Pseudomonadales	Moraxellaceae	Acinetobacter	
GTGTCAGCAGCCGCGGTAACCCAGGAGCCACAAGTGGCAACCACCTTTATTGGGCCTAAAGCGTCCGTAGCCGGTTTTGTAAATTTTCTGTGAAATCGTTGCGCTTAACGTAACGGCGTGCAGAAAACACTGCAAGACTAGGGACCGGGAGGAGTCAGGGGTATTTTGGGGGGAGCGGTAAAATGCTATAATCCCCGAAGGACCACCTGTGGCGAAGGCGCCTGACTAGAACGGATCCGACGGTGAGGGACGAAAGCTAGGGGAGCAATCCGGATTAGAAACCCGAGTAGTCC	Archaea	Nanoarchaeota	Nanoarchaeia	Woesearchaeales	Woesearchaeales	Woesearchaeales	uncultured_archaeon
GTGCCAGCAGCCGCGGTAACCCCAGCGCCACAAGTGGCAATCGCTATTATTGGGCCTAAAGCGTCCGTAGCCGGCCGAGTAAATCTTTTGTGAAATTGTCCCGCTTAACGGGACAACGTGCAGAAGACACTGCTTGGCTCGGAACCGGGAGGAGTCAGAGGTATGCTGGGGGGAGCGGTAAAATGTGATAATCCCCAGTAGACCACCTGTGGCGAAGGCGTCTGACTAGAACGGATTCGACGGTGAGGGACGAAAGCCAGGGGAGCAAAACGGATTAGATACCCGAGTAGTCC	Archaea	Nanoarchaeota	Nanoarchaeia	Woesearchaeales	Woesearchaeales	Woesearchaeales	
GTGTCAGCAGCCGCGGTAATACAGAGGGTGCTAGCGTTAATCGGATTTACTGGGCGTAAAGCGTGCGTAGGCGGTTTGATAAGTCGATTGTGAAAGCCCCGGGCTCAACCTGGGAATTGCAGTCGATACTGTCAGACTAGAAAACGGTAGAGGGAGGCGGAACTCCAGGTGTAGCGGTGAAATGCGTAGATATCTGGAAGAACACCGATGGCGAAGGCAACCTCCTGGGCCTGTTTTGACGCTGAGGCACGAAAGCGTGGGTAGCAAACAGGATTAGATACCCCTGTAGTCC	Bacteria	Proteobacteria	Gammaproteobacteria	Salinisphaerales	Solimonadaceae	Nevskia	
GTGTCAGCAGCCGCGGTAATACAGAGGGTGCGAGCGTTAATCGGATTTACTGGGCGTAAAGCGTGCGTAGGCGGCTTCTTAAGTCGGATGTGAAATCCCTGAGCTTAACTTAGGAATTGCATTCGATACTGGGAAGCTAGAGTATGGGAGAGGATGGTAGAATTCCAGGTGTAGCGGTGAAATGCGTAGAGATCTGGAGGAATACCGATGGCGAAGGCAGCCATCTGGCCTAATACTGACGCTGAGGTACGAAAGCATGGGGAGCAAACAGGATTAGATACCCCAGTAGTCC	Bacteria	Proteobacteria	Gammaproteobacteria	Pseudomonadales	Moraxellaceae	Acinetobacter	
GTGCCAGCAGCCGCGACCACCAATATTCCTTCTTTCCACGCATTCTGGATCGCCTCTGTCATGCTGAGAGAAGAATCATGCCCCACAAAACTAAGGTTGATAATCCGCGCCCCCATTTTTCGCGCATACTCAACTGCGTTTGCCACATCACTGGTGGCGCCCTCGCCCATGCCATTTAAAATCCGCAGGGGCATAATTTTTGCGTTCCATGAAACCCCCGTAGTCC	Unassigned						
GTGCCGACAGCCGCGGTAACACCAGCGCTACAAGTGGGAATCACGATTATTGGGTCTAAAGGGTCCGTAGCCGGCCTGTTAAATTTTTCGTGAAATTGTTGTGCTTAACATAACAGTATGCGAAAAACACTGATATGCTAGAGACTGGGAGAAGATAGAGGTATTCTTGGGGAAGCGGTAAAATGTGATAATCCCTAGAGGACCACCAATGGCGAAGGCATCTATCTAGAACAGATCTGACGGTGATGGACGAAAGCTAGGGGAGCGATCCGGATTAGAAACCCTGGTAGTCC	Archaea	Nanoarchaeota	Nanoarchaeia	Woesearchaeales	Woesearchaeales	Woesearchaeales	
GTGTCAGCAGCCGCGGTAAGACAGAGGTGGCAAGCGTTGTTCGGATTTACTGGGCGTAAAGGGTGCGTAGGTGGTTAGGTAAGACCTGCGGGAAAGACCTGGGCTTAACCCAGGAAGGTCGTAGGTGACTGCCTGGCTAGAGGGCGGGAGAGGAGAGCGGAATTCCCGGTGTAGCGGTGAAATGCGTAGAGATCGGGAGGAAGGCCGGTGGCGAAGGCGGCTCTCTGGAACGTTCCTGACACTGAGGCACGAAAGCGTGGGGAGCAAACAGGATTAGATACCCTGGTAGTCC	Bacteria	Nitrospirota	Nitrospiria	Nitrospirales	Nitrospiraceae	Nitrospira	
GTGTCAGCAGCCGCGGTAATACAGAGGGTGCAAGCGTTAATCGGATTTACTGGGCGTAAAGCGCGCGTAGGTGGCCAATTAAGTCAAATGTGAAATCCCCGAGCTTAACTTGGGAATTGCATTCGATACTGGTTGGCTAGAGTATGGGAGAGGATGGTAGAATTCCAGGTGTAGCGGTGAAATGCGTAGAGATCTGGAGGAATACCGATGGCGAAGGCAGCCATCTGGCCTAATACTGACACTGAGGTGCGAAAGCATGGGGAGCAAACAGGATTAGATACCCTAGTAGTCC	Bacteria	Proteobacteria	Gammaproteobacteria	Pseudomonadales	Moraxellaceae	Acinetobacter	
GTGCCAGCAGCCGCGGTAATACGAGTACCCCGAGCGTTATCCGGAATTATTGGGCGTAAAGGGTGTGTAGGGGGCTATTTTAGTCTTGTTTTAAATATTTCGGCTTAACCGAAAAAGTGAACAGGATACGGAATAGCTAGAGAATGCGAGAGGTATGTGGAACTCACGGTGTAGGGGTGAAATCCGTTGATATCGTGGGGAACACCAAAGGCGAAGGCAACATACTAGCGCATTTCTGACCCTGAAACACGAAAGCGTGGGTAGCGAATGGGATTAGATACCCCCGTAGTCC	Bacteria	Patescibacteria	Parcubacteria				
GTGTCAGCAGCCGCGACCACCAATATTCCTTCTTTCCACGCATTCTGGATCGCCTCTGTCATGCTGAGAGAAGAATCATGCCCCACAAAACTAAGGTTGATAATCCGCGCCCCCATTTTTCGCGCATACTCAACTGCGTTTGCCACATCACTGGTGGCGCCCTCGCCCATGCCATTTAAAATCCGCAGGGGCATAATTTTTGCGTTCCATGATACCCCAGTAGTCC	Unassigned						
GTGCCAGCAGCCGCGGTAATACGTAGGGGCCAAGCGTTGTCCGGAATCATTGGGCGTAAAGGGCGCGTAGGCGGTTTAGCAAGTCAGCTGTTAAATCTACAGGCTTAACCTGTAGCCGCATTTGATACTACTAAACTAGAGAATGGTAGAGGAAAACGGAACTTTCGGTGTAGCGGTGAAATGCGTAGATATCGAAAGGAACACCAGTGGCGAAGGCGGTTTTCTGGGCCATTTCTGACGCTGAGGCGCGAAAGCCAGGGGAGCAAACGGGATTAGAAACCCCTGTAGTCC	Bacteria	WOR-1	WOR-1	WOR-1	WOR-1	WOR-1	uncultured_bacterium
GTGTCAGCAGCCGCGGTAATACGAGTGGTCCAAGCGTTACCCGGATTTATTGGGCGTAAAGCGTCCGCAGGCGGCCTGCCGCATCTTTGGTTAAATCCTGATGCTCAACATCGGAATCGCTGGAGAGATGGGCGGGCTCGAGGCCGGGAGAGGGGAACGGAATTGCTGGTGTAGGAGTAAAATCCGTTTATATCAGCAAGAACGCCAAAGGCGAAAGCAGTTCCCTAGAACGGCCCTGACGCTCATGGACGAAAGCGTGGGGAGCGAATGGGATTAGAAACCCGAGTAGTCC	Bacteria	Patescibacteria	ABY1	Candidatus_Kerfeldbacteria	Candidatus_Kerfeldbacteria	Candidatus_Kerfeldbacteria	uncultured_bacterium
GTGTCAGCAGCCGCGGTAAGACAGAGGGGGCGAGCGTTGTTCGGAATGATTGGGCGTAAAGGGCGTGTAGGCGGTCCAGCCAGTCGGATGTCTAATCCCGGGGCTCAACCCCGGACCGGCGTTCGATACTACTGGACTTGAGGCTCGGAGAGGCGCGTGGAATTCCTGGTGTAGCGGTGAAATGCGTAGATATCAGGAGGAACACCGGTGGCGAAGGCGGCGCGCTGGCCGAGATCTGACGCTGAGGCGCGAAAGCGTGGGGAGCAAACAGGATTAGATACCCTAGTAGTCC	Bacteria						
GTGCCAGCAGCCGCGGTAACCCAGGAGCCACAAGTGGCAACCACCTTTATTGGGCCTAAAGCGTCCGTAGCCGGTTTTGTAAATTTTCTGTGAAATCGTTGCGCTTAACGTAACGGCGTGCAGAAAACACTGCAAGACTAGGGACCGGGAGGAGTCAGGGGTATTTTGGGGGGAGCGGTAAAATGCTATAATCCCCGAAGGACCACCTGTGGCGAAGGCGCCTGACTAGAACGGATCCGACGGTGAGGGACGAAAGCTAGGGGAGCAATCCGGATTAGAAACCCTAGTAGTCC	Archaea	Nanoarchaeota	Nanoarchaeia	Woesearchaeales	Woesearchaeales	Woesearchaeales	uncultured_archaeon
GTGTCAGCCGCCGCGGTAATACGTAGGTGGCAAGCGTTGTCCGGAATTATTGGGCGTAAAGCGCGCGCAGGCGGTCTCTTAAGTCTGATGTGAAATCTCGCGGCTCAACCGCGAGCGGCCATTGGAAACTGGGAGGCTTGAGTGCAGAAGAGGAGAGTGGAATTCCATGTGTAGCGGTGAAATGCGTAGATATATGGAGGAACACCAGTGGCGAAGGCGACTCTCTGGTCTGTAACTGACGCTGAGGCGCGAAAGCGTGGGGAGCAAACAGGATTAGAAACCCCTGTAGTCC	Bacteria	Firmicutes	Bacilli	Bacillales	Bacillaceae	Anaerobacillus	
GTGTCAGCAGCCGCGGTAATACGTAGGGTGCGAGCGTTAATCGGAATTACTGGGCGTAAAGCGTGCGCAGGCGGTTCTATAAGACAGATGTGAAATCCCCGGGCTCAACCTGGGAATGGCATTTGTGACTGTAGAGCTAGAGTACGGTAGAGGGGGATGGAATTCCGCGTGTAGCAGTGAAATGCGTAGATATGCGGAGGAACACCGATGGCGAAGGCAATCCCCTGGACCTGTACTGACGCTCATGCACGAAAGCGTGGGGAGCAAACAGGATTAGAAACCCCAGTAGTCC	Bacteria	Proteobacteria	Gammaproteobacteria	Burkholderiales	Comamonadaceae		
GTGTCAGCAGCCGCGGTAATACGAGGAGTGCGAGCGTTATCCGGATTTATTGGGCGTAAAGGGTGTGTAGGGGGTCTTGTTAGTCTCGCTTTAAATCTTCCGGCTTAACCGGAAAAATGGGCGAGAAACGGCAAAACTTAGAGGGTGCGAGAGACTGATGGAACTCTGGGTGTAGGGGTGAAATCCGTTGATATCCAGGGGAACACCAAAGGCGAAAGCAGTCAGTTGGCGCATACCTGACCCTGAAACACGAAAGCGTGGGGATCAAATGGGATTAGAAACCCCAGTAGTCC	Bacteria	Patescibacteria	Parcubacteria	Parcubacteria	Parcubacteria	Parcubacteria	
GTGCCAGCAGCCGCGGTAATACGAGTACCCCAAGCGTTATCCGGAATTATTGGGCGTAAAGGGTGTGTAGGGGGCTATTTTAGTCTTGTTTTAAATATTTCGGCTTAACCGAAAAAGTGAACAGGATACGGAATAGCTAGAGAATGCGAGAGGTATGTGGAACTCACGGTGTAGGGGTGAAATCCGTTGATATCGTGGGGAACACCAAAGGCGAAGGCAACATACTAGCGCATTTCTGACCCTGAAACACGAAAGCGTGGGTAGCGAATGGGATTAGATACCCTGGTAGTCC	Bacteria	Patescibacteria	Parcubacteria				
GTGTCAGCCGCCGCGGTAACCCAGGAGCCACAAGTGGCAACCACCTTTATTGGGCCTAAAGCGTCCGTAGCCGGTTTTGTAAATTTTCTGTGAAATCGTTGCGCTTAACGTAACGGCGTGCAGAAAACACTGCAAGACTAGGGACCGGGAGGAGTCAGGGGTATTTTGGGGGGAGCGGTAAAATGCTATAATCCCCGAAGGACCACCTGTGGCGAAGGCGCCTGACTAGAACGGATCCGACGGTGAGGGACGAAAGCTAGGGGAGCAATCCGGATTAGAAACCCGAGTAGTCC	Archaea	Nanoarchaeota	Nanoarchaeia	Woesearchaeales	Woesearchaeales	Woesearchaeales	uncultured_archaeon
GTGTCAGCAGCCGCGGTAATACAGAGGGTGCGAGCGTTAATCGGATTTACTGGGCGTAAAGCGTGCGTAGGCGGCTTTTTAAGTCGGATGTGAAATCCCTGAGCTTAACTTAGGAATTGCATTCGATACTGGGAAGCTAGAGTATGGGAGAGGATGGTAGAATTCCAGGTGTAGCGGTGAAATGCGTAGAGATCTGGAGGAATACCGATGGCGAAGGCAGCCATCTGGCCTAATACTGACGCTGAGGTACGAAAGCATGGGGAGCAAACAGGATTAGATACCCGAGTAGTCC	Bacteria	Proteobacteria	Gammaproteobacteria	Pseudomonadales	Moraxellaceae	Acinetobacter	
GTGTCAGCAGCCGCGGTAATACGAGTGCCCCAAGCGTTATCCGGATTTATTGGGCGTAAAGCGTACGTAGGTGGTTTATCGCATCTCCTGTTAAATCCCGAGGCTCAACTTCGGGGCTGCGGGAGAGATGGCTAAACTAGAGACCGGGAGAGGTAAGCGGAATTGCTGGTGTAGGGGTTAAATCCGTTAATATCAGCAAGAACACCTAATGTGAAGACAGCTTACTAGAACGGTTCTGACACTAAGGTACGAAAGCGTGGGGAGCGAATGGGATTAGAAACCCCAGTAGTCC	Bacteria	Patescibacteria	ABY1	Candidatus_Falkowbacteria	Candidatus_Falkowbacteria	Candidatus_Falkowbacteria	uncultured_soil
GTGTCAGCAGCCGCGGTAATACAGAGGGTGCGAGCGTTAATCGGATTTACTGGGCGTAAAGCGTGCGTAGGCGGCTTCTTAAGTCGGATGTGAAATCCCTGAGCTTAACTTAGGAATTGCATTCGATACTGGGAAGCTAGAGTATGGGAGAGGATGGTAGAATTCCAGGTGTAGCGGTGAAATGCGTAGAGATCTGGAGGAATACCGATGGCGAAGGCAGCCATCTGGCCTAATACTGACGCTGAGGTACGAAAGCATGGGGAGCAAACAGGATTAGATACCCCTGTAGTCC	Bacteria	Proteobacteria	Gammaproteobacteria	Pseudomonadales	Moraxellaceae	Acinetobacter	
GTGTCAGCAGCCGCGGTAAGACAGAGGGGGCAAGCGTTGCTCGGAATTATTGGGCGTAAAGGGCGCGTAGGCGGGGCGGCAAGTCGGTCGTGAAAGCCTCCGGCTCAACCGGGGAAGGTCGATCGATACTGCCGTTCTTGAGGGTAAGAGAGGAGACTGGAATTCCCGGTGTAGCGGTGAAATGTGTAGAGATCGGGAGGAACACCGGTGGCGAAGGCGGGTCTCTGGCTTATCTCTGACGCTGAGGCGCGAAGGCGTGGGGAGCAAACGGGATTAGAAACCCCAGTAGTCC	Bacteria	Methylomirabilota	Methylomirabilia	Rokubacteriales	Rokubacteriales	Rokubacteriales	uncultured_bacterium
GTGTCAGCAGCCGCGGTAATACGTAGGGGACAAGCGTTATCCGGAATTATTGGGCGTAAAGCACGTGTAGGCGGCATGGTAAGTCTGATGTTAAAGGTATGAGCTCAACTCATACAAGTCGTTAGATACTGCTGTGCTAGAGAGTAGGATGGGGAAGCGGAACTCACGGTGTAGCGGTGAAATGCGTAGATATCGTGAGGAACACCAGTGGCGAAGGCGGCTTCCTGGACTATTTCTGACGCTAAAACGTGAAAGCTAGGGGAGCAAACGGGATTAGAAACCCCAGTAGTCC	Bacteria						
GTGTCAGCAGCCGCGGTAATACAGAGGGTGCGAGCGTTAATCGGATTTACTGGGCGTAAAGCGTGCGTAGGCGGCTTTTTAAGTCGGATGTGAAATCCCTGAGCTTAACTTAGGAATTGCATTCGATACTGGGAAGCTAGAGTATGGGAGAGGATGGTAGAATTCCAGGTGTAGCGGTGAAATGCGTAGAGATCTGGAGGAATACCGATGGCGAAGGCAGCCATCTGGCCTAATACTGACGCTGAGGTACGAAAGCATGGGGAGCAAACAGGATTAGAAACCCTAGTAGTCC	Bacteria	Proteobacteria	Gammaproteobacteria	Pseudomonadales	Moraxellaceae	Acinetobacter	
GTGCCAGCAGCCGCGGTAACCCAGGAGCCACAAGTGGCAACCGCTTTTATTGGGCCTAAAGCGTCCGTAGCCGGCCTAGTAAATTTCCTGTGAAATCGTTAGGCTCAACCTAACGCCGTGCAGGAAAGACTACTGGGCTAGGGACCGGGAGGCGTCAGAGGTATTCCTGAGGGAGCGGTAAAATGCTATAATCTTAGGAGGACCCCCTGTGGCGAAGGCGTCTGACGAGAACGGATCCGACGGTGAGGGACGAAAGCTAGGGGAGCAAACCGGATTAGATACCCTTGTAGTCC	Archaea	Nanoarchaeota	Nanoarchaeia	Woesearchaeales	Woesearchaeales	Woesearchaeales	
GTGTCAGCAGCCGCGGTAATACGGAGGGTGCAAGCGTTACTCGGAATCACTGGGCGTAAAGAGCGTGTAGGCGGGTAGTTAAGTCAGAAGTGAAATCCAATAGCTCAACTATTGAACTGCTTTTGAAACTGATTACCTAGAATATGGGAGAGGTAGATGGAATTTCTGGTGTAGGGGTAAAATCCGTAGAGATCAGAAGGAATACCGATTGCGAAGGCGATCTACTGGAACATTATTGACGCTGAGACGCGAAAGCGTGGGGAGCAAACAGGATTAGATACCCCTGTAGTCC	Bacteria	Campilobacterota	Campylobacteria	Campylobacterales	Arcobacteraceae	Pseudarcobacter	
GTGTCAGCAGCCGCGGTAATACAGAGGGTGCAAGCGTTAATCGGAATTACTGGGCGTAAAGCGCGCGTAGGTGGTTTGTTAAGTTGGATGTGAAAGCCCCGGGCTCAACCTGGGAACTGCATCCAAAACTGGCAAGCTAGAGTATGGTAGAGGGTGGTGGAATTTCCTGTGTAGCGGTGAAATGCGTAGATATAGGAAGGAACACCAGTGGCGAAGGCGACCACCTGGACTGATACTGACACTGAGGTGCGAAAGCGTGGGGAGCAAACAGGATTAGAAACCCTTGTAGTCC	Bacteria	Proteobacteria	Gammaproteobacteria	Pseudomonadales	Pseudomonadaceae	Pseudomonas	
GTGTCAGCAGCCGCGGTAATCCCGGCGCCACAAGTGGCAATCGCTTTTATTGGGCCTAAAGCGTCCGTAGCATGTTTTGTAAATCTCTTGTGAAATCGTTGTACTCAATATAACGAACGGCAAGAGACACTGCAAAACTAGGAACCGGGAGGAGTCAGGGGTATTTTTGGGGGAGCGGTAAAATGTTATAATCCCAAGAGGACCACCCGTGGCGAAGGCGCCTGACTAGAACGGATTCGACTGTGAGGGACGAAAGCTAGGGGAGCAATCCGGATTAGAAACCCTTGTAGTCC	Archaea	Nanoarchaeota	Nanoarchaeia	Woesearchaeales	Woesearchaeales	Woesearchaeales	uncultured_archaeon
GTGTCAGCAGCCGCGGTAACCCAGGAGCCACAAGTGGCAACCACCTTTATTGGGCCTAAAGCGTTCGTAGCCGGTCATGTAAATTTTCTGTGAAATCGTTGCGCTTAACGTAACGGCGTGCAGAAAACACTGCAAGACTAGGGACCGGGAAGAGTTAGAGGAATTTCGGGGGGAGCGGTAAAATGCTATAATCCCCGAAGGACCACCTGTGGCGAAGGCGTCTAACTAGAACGGATCCGACGGTGAGGGACGAAAGCTAGGGGAGCAATCCGGATTAGAAACCCGAGTAGTCC	Archaea	Nanoarchaeota	Nanoarchaeia	Woesearchaeales	Woesearchaeales	Woesearchaeales	uncultured_archaeon
GTGTCAGCCGCCGCGGTAATACGAGTGGTCCAAGCGTTACCCGGATTTATTGGGCGTAAAGCGTCCGCAGGCGGCCTGCCGCATCTTTGGTTAAATCCCGATGCTCAACATCGGGATCGCTGGAGAGATGGGCGGGCTTGAGGCCGGGAGAGGGGAACGGAATTGCTGGTGTAGGAGTAAAATCCGTTTATATCAGCAAGAACGCCAAAGGCGAAAGCAGTTCCCTGGAACGGCCCTGACGCTCATGGACGAAAGCGTGGGGAGCGAATGGGATTAGATACCCCAGTAGTCC	Bacteria	Patescibacteria	ABY1	Candidatus_Kerfeldbacteria	Candidatus_Kerfeldbacteria	Candidatus_Kerfeldbacteria	uncultured_bacterium
GTGTCAGCAGCCGCGGTAATCCCAGCGCCACAAGTGGCAATCACATTTATTTGGCCTAAAGCGTCCGTAGCAGGTTTTGTAAATCTCTTGTGAAAGCGTTGTACTCAATACAACGAAATGCAAGAGACACTGCAAAACTAGGAACCGGGAGGGGTCAGGGGTATTCTTGGGGGAGCGGTAAAATGTTATAATCCCAAGAGGACCACCCGTGGCGAAGGCGCCTGACTAGAACGGATTCGACTGTGAGGGACGAAAGCTAGGGGAGCAATCCGGATTAGATACCCTAGTAGTCC	Archaea	Nanoarchaeota	Nanoarchaeia	Woesearchaeales	Woesearchaeales	Woesearchaeales	uncultured_archaeon
GTGCCAGCAGCCGCGGTAATACGTAGGGGCCAAGCGTTGTCCGGAATCATTGGGCGTAAAGGGCGCGTAGGCGGTTTAGCAAGTCAGTTGTTAAATCTACAGGCTTAACCTGTAGCCGCATTTGATACTACTAAACTAGAGAATGGCAGAGGAAAGCGGAACTTCCGGTGTAGCGGTGAAATGCGTAGATATCGGAAGGAACACCAGTGGCGAAGGCGGCTTTCTGGACCATTTCTGACGCTGAAGCGCGAAAGCCAGGGGAGCAAACGGGATTAGAAACCCCCGTAGTCC	Bacteria	WOR-1	WOR-1	WOR-1	WOR-1	WOR-1	uncultured_bacterium
GTGTCAGCAGCCGCGGTAATACGGAGGGTGCGAGCGTTGTTCGGAATTACTGGGCGTAAAGCGCGTGTAGGCGGCCTTGCAAGTCAGGCGTGAAAGCCCTCGGCTTAACCGGGGAAGTGCGTCTGAAACTGCTTGGCTTGAGTACGGGAGAGGGAGGCGGAATTCCCAGTGTAGAGGTGAAATTCGTAGATATTGGGAGGAACACCGGTGGCGAAAGCGGCCTCCTGGACCGATACTGACGCTGAGACGCGAAAGCGTGGGGAGCAAACAGGATTAGATACCCTGGTAGTCC	Bacteria	MBNT15	MBNT15	MBNT15	MBNT15	MBNT15	uncultured_prokaryote
GTGTCAGCAGCCGCGGTAATACGTAGGGTGCGAGCGTTAATCGGAATTACTGGGCGTAAAGCGTGCGCAGGCGGTTTTGTAAGACAGACGTGAAATCCCCGGGCTTAACCTGGGAACTGCGTTTGTGACTGCAAGGCTAGAGTACGGCAGAGGGGGGTAGAATTCCACGTGTAGCAGTGAAATGCGTAGATATGTGGAGGAATACCGATGGCGAAGGCAGCCCCCTGGGTCGATACTGACGCTCATGCACGAAAGCGTGGGGAGCAAACAGGATTAGATACCCCCGTAGTCC	Bacteria	Proteobacteria	Gammaproteobacteria	Burkholderiales	Gallionellaceae	Sideroxydans	
GTGTCAGCAGCCGCGGTGAAGGATGCCGGTAATAGCATTTAAATCTAGAGGTATTATTGTCCCATCAATTAATCCTGCCCATCCGTTTTTTATCCCCCACATTGTATAACCGTAAAAATTTATACCTTTGCGTACTACTGCGCGAATAACCGCATTTAAACCCCAGTAGTCC	Unassigned						
GTGCCAGCAGCCGCGGTAAGACAGAGGTGGCGAGCGTTGTTCGGATTTATTGGGCTTAAAGGGCGTGCAGGCGTCCTGACGAGTCAGATGTGAAATCCTCCGACTCAATTGGAGAATGGCATTTGATACTGTTAGGATTGAGTAGGCGAGGGGAGGGTGGAATTCCCGGTGTAGCGGTGAAATGCGTAGATATCGGGGGGAACACCTGTGGCGAAGGCGGCCCTCTGGAGCCTTACTGACGCTGAGGCGCGAAAGCGTGGGGAGCAAACAGGATTAGAAACCCTTGTAGTCC	Bacteria						
GTGTCAGCAGCCGCGGTCATACGTAGGGTGCAAGCATTATCCGGAGTGACTGGGCGTAAAGAGTTGCGTAGGTGGTTAGTAAAGTGAATAGTGAAATCTGGTGGCTCAACCATACAGACTATTATTCAAACTCACTAACTCGAGAATGGTAGAGGTAACTGGAATTTCTTGTGTAGGAGTGAAATCCGTAGATATAAGAAGGAACACCAATGGCGTAGGCAGGTTACTGGACCATTTCTGACACTGAGGCACGAAAGCGTGGGGAGCGAACCGGATTAGATACCCTGGTAGTCC	Bacteria	Patescibacteria	Saccharimonadia	Saccharimonadales			
GTGCCAGCAGCCGCGGTAACCCAGGAGCCACAAGTGGCAACCACCTTTATTGGGCCTAAAGCGTCCGTAGCCGGTCTTGTAAATTTTCTGTGAAATCGTTGCGCTTAACGTAACGGCGTGCAGAAAACACTGCAAGACTCGGGACCGGGAAGAGTCAGAGGTATTTGAGGGGGAGCGGTAAAATGCTATAATCCTTCAAGGACCACCTGTGGCGAAGGCGTCTGACTAGAACGGATCCGACGGTGAGGGACGAAAGCTAGGGGAGCAATCCGGATTAGATACCCGCGTAGTCC	Archaea	Nanoarchaeota	Nanoarchaeia	Woesearchaeales	Woesearchaeales	Woesearchaeales	
GTGTCAGCAGCCGCGGTAATACGTAGGGTGCGAGCGTTAATCGGAATTACTGGGCGTAAAGCGTGCGCAGGCGGTTTTGTAAGACAGATGTGAAATCCCCGGGCTCAACCTGGGAACTGCATTTGTGACCGCAAGGCTAGAGTACGGCAGAGGGGGGTAGAATTCCACGTGTAGCAGTGAAATGCGTAGATATGTGGAGGAATACCGATGGCGAAGGCAGCCCCCTGGGTCGATACTGACGCTCATGCACGAAAGCGTGGGGAGCAAACAGGATTAGAAACCCCTGTAGTCC	Bacteria	Proteobacteria	Gammaproteobacteria	Burkholderiales	Gallionellaceae		
GTGTCAGCCGCCGCGGTAAAACCAGCACCTCAAGTGGTCAGGATGATTATTGGGCCTAAAGCATCCGTAGCTCGTTTTGTAAGTTTTCGGTTAAATCCATGCGCTTAACGTATGGGCTGCCGGGAATACTGCATAACTAGGAAGTGGGAGAGGTAGACGGTACTCGGTAGGAAGGGGTAAAATCCTTTGATCTATTGATGACCACCTGTGGCGAAGGCGGTCTACCAGAACACGTTCGACGGTGAGGGATGAAAGCTGGGGGAGCAAACCGGATTAGATACCCTTGTAGTCC	Archaea	Crenarchaeota	Nitrososphaeria	Nitrosopumilales	Nitrosopumilaceae	Nitrosarchaeum	
GTGTCAGCAGCCGCGGTAATACAGAGGGTGCAAGCGTTAATCGGAATTACTGGGCGTAAAGCGCGCGTAGGTGGTTTGGTAAGTTGGATGTGAAATCCCCGGGCTCAACCTGGGAACTGCATTCAATACTGCCTCACTAGAGTATGGTAGAGGGAAGCGGAATTCCACATGTAGCGGTGAAATGCGTAGATATGTGGAGGAACATCAATGGCGAAGGCAGCTTCCTGGACCAATACTGACGCTGAGGCGCGAAAGCGTGGGTAGCAAACAGGATTAGAAACCCCTGTAGTCC	Bacteria	Proteobacteria	Gammaproteobacteria	Beggiatoales	Beggiatoaceae	uncultured	
GTGTCAGCAGCCGCGGTAATACCAGCACCTCGAGTGGTTAGGAGGTTTATTGGGCCTAAAGCATCCGTAGCCGGCTATGCAAGTCTCCGGTTAAATCCATCTGCTTAACAGATGGGCTGCCGGAGATACTACATAGCTAGGGAGCGGGAGAGGTAGACGGTATTCGGTGGGTAGGGGTAAAATCCTCTGATCCATTGAGGACCACCAGTGGCGAAGGCGGTCTACCAGAACGCGTTCGACGGTGAGGGATGAAAGCTGGGGGAGCAAACCGGATTAGAAACCCTGGTAGTCC	Archaea	Crenarchaeota	Nitrososphaeria	Nitrosotaleales	Nitrosotaleaceae	Nitrosotaleaceae	uncultured_archaeon
GTGTCAGCAGCCGCGGTAATACGAGGGCTCCAAGCGTTATCCGGATTTATTGGGCGTAAAGGGTCCGTAGGCGGTTTATCGCATCTCCTGTTAAATCTCATGGCTTAACCATGGGGCCGCGGGAGAGATGGATAAACTAGAGACCGGGAGAGGCAAGTGGAATTGCTGGTGTAGGGGTTAAATCCGTTAATATCAGCAAGAACACCTAATGCGAAAGCAGCTTGCTAGAACGGTTCTGACGCTCAGGGACGAAAGCGTGGGTAGCGAATGGGATTAGAAACCCCTGTAGTCC	Bacteria	Patescibacteria	ABY1	Candidatus_Falkowbacteria	Candidatus_Falkowbacteria	Candidatus_Falkowbacteria	uncultured_bacterium
GTGCCAGCAGCCGCGGTAATACGGAGGGGGCCAGCGTTGCTCGGAATTATTGGGCGTAAAGGGCGCGTAGGCGGCCAGGTAAGTTTGATGTGAAATCCCACGGCTTAACCGTGGAATTGCATCTTATACTGCCCGGCTGGAGTCTGGGAGAGGGAAGCGGAATTCCCGGTGTAGCGGTGAAATGCGTAGATATCGGGAGGAACACCAGTGGCGAAGGCGGCTTCCTGGACCAGTACTGACGCTGAGGCGCGAAAGCTAGGGGAGCAAACAGGATTAGAAACCCGAGTAGTCC	Bacteria	Acidobacteriota	Subgroup_22	Subgroup_22	Subgroup_22	Subgroup_22	uncultured_Acidobacteriales
GTGTCAGCAGCCGCGGTAATACGGAGGGGGCAAACGTTGTTCGGATTTATTGGGTGTAAAGGGTGTGTAGGCGGGCTTGTAAGTCGGATGTGAAATACTTTAGCTTAACTAAAGAACTGCATTCGAAACTGCTTGTCTTGAGTTTGGGAGAGGAGAGTGGAATTCTCGGTGTAAGGGTGAAATCTGTAGATATCGAGAGGAACACCAGTGGCGAAAGCGGCTCTCTGGACCAAAACTGACGCTGAAACACGAAAGCTAGGGGAGCAAACAGGATTAGATACCCCAGTAGTCC	Bacteria	Verrucomicrobiota	Omnitrophia	Omnitrophales	Omnitrophaceae	Candidatus_Omnitrophus	uncultured_bacterium
GTGTCAGCAGCCGCGGTAACCCAGGAGCCACAAGTGGCAACCACCTTTATTGGGCCTAAAGCGTCCGTAGCCGGTTCTGTAAATTTTCTGTGAAATCGTTGCGCTTAACGTAACGGCGTGCAGAAAACACTGCAGGACTCGGGACCGGGAGGAGTCAGGGGTATTTGGGGGGGAGCGGTAAAATGCTATAATCCCCCAAGGACCACCTGTGGCGAAGGCGCCTGACTAGAACGGATCCGACGGTGAGGGACGAAAGCTAGGGGAGCAATCCGGATTAGAAACCCGGGTAGTCC	Archaea	Nanoarchaeota	Nanoarchaeia	Woesearchaeales	Woesearchaeales	Woesearchaeales	uncultured_archaeon
GTGTCAGCCGCCGCGGTAATACGAGGAGTGCGAGCGTTATCCGGATTTATTGGGCGTAAAGGGTGTGTAGGGGGTCTTGTTAGTCTCGCTTTAAATCTTCCGGCTTAACCGGAAAAATGGGCGAGAAACGGCAAAACTTAGAGGGTGCGAGAGACTGATGGAACTCTGGGTGTAGGGGTGAAATCCGTTGATATCCAGGGGAACACCAAAGGCGAAAGCAGTCAGTTGGCGCATACCTGACCCTGAAACACGAAAGCGTGGGGATCAAATGGGATTAGAAACCCTTGTAGTCC	Bacteria	Patescibacteria	Parcubacteria	Parcubacteria	Parcubacteria	Parcubacteria	
GTGTCAGCAGCCGCGGTAACACCAGCGCCACAAGTGGGGACCACGTTTATTGGGCCTAAAGCGTTCGTAGCCGGCTTTCTAAATGCCCTGTGAAATCGTCGCGCCTAACGTGACGACGTGCAGGGTAGACTGGAAAGCTTGGGACCGGGAGGGGTCAGGGGTATTCCTGGGGGAGCGGTAAAATGTTATAATCCCAGGAGGACCACCTGTGGCGAAGGCGCCTGACCAGAACGGATCCGACGGTGAGGAACGAAAGCTAGGGGAGCAAAACGGATTAGATACCCCAGTAGTCC	Archaea	Nanoarchaeota	Nanoarchaeia	Woesearchaeales	Woesearchaeales	Woesearchaeales	
GTGCCAGCAGCCGCGGTAACCCAGGAGCCACAAGTGGCAACCACCTTTATTGGGCCTAAAGCGTCCGTAGCCGGTTTTGTAAATTTTCTGTGAAATCGTTGCGCTTAACGTAACGGCGTGCAGAAAACACTGCAAGACTAGGGACCGGGAGGAGTCAGGGGTATTTTGGGGGGAGCGGTAAAATGCTATAATCCCCGAAGGACCACCTGTGGCGAAGGCGCCTGACTAGAACGGATCCGACGGTGAGGGACGAAAGCTAGGGGAGCAATCCGGATTAGATACCCGAGTAGTCC	Archaea	Nanoarchaeota	Nanoarchaeia	Woesearchaeales	Woesearchaeales	Woesearchaeales	
GTGCCAGCAGCCGCGGTAATACGGAGGGTGCAAGCGTTATCCGGATTCACTGGGTTTAAAGGGTGCGTAGGCGGGCAGGTAAGTCAGTGGTGAAATCCTAGAGCTTAACTCTAGAACTGCCATTGATACTATCTGTCTTGAATATTGTGGAGGTAAGCGGAATATGTCATGTAGCGGTGAAATGCTTAGATATGACATAGAACACCTATTGCGAAGGCAGCTTACTACGCATATATTGACGCTGAGGCACGAAAGCGTGGGGATCAAACAGGATTAGATACCCCGGTAGTCC	Bacteria	Bacteroidota	Bacteroidia	Chitinophagales	Chitinophagaceae	Sediminibacterium	
GTGTCAGCAGCCGCGGTAAAACCAGCACCTCAAGTGGTCAGGATGATTATTGGGCCTAAAGCATCCGTAGCTCGTTTTGTAAGTTTTCGGTTAAATCCATGCGCTTAACGTATGGGCTGCCGGGAATACTGCATAACTAGGAAGTGGGAGAGGTAGACGGTACTCGGTAGGAAGGGGTAAAATCCTTTGATCTATTGATGACCACCTGTGGCGAAGGCGGTCTACCAGAACACGTTCGACGGTGAGGGATGAAAGCTGGGGGAGCAAACCGGATTAGAAACCCCCGTAGTCC	Archaea	Crenarchaeota	Nitrososphaeria	Nitrosopumilales	Nitrosopumilaceae	Nitrosarchaeum	
GTGCCAGCAGCCGCGGTAACACAGGTAGCACGAGTGGTGTCCACGAATATTGAGCTTAAAGCGTCCGTAGCCGGCTTTGCAAGTTTCCTGTGAAATCTCTCGGCTCAACCGAGAGGCGTGCAGGAAATACTACAAGGCTCGGGAGTGGGGGAGGTAAGGGGTACGCTAGGGGGAACGGTAAAATGTTGTAATCCTTAGCGGACCACCAGATTGCCCGCTTCTACAAAGAAGCGGGTGAGGCGAGTGGCGAAGGCGCCTTACCAAAACACGTCCGACGGTGAGGGACGAAGGCTAGGGGAGCAAATCGGATTAGAAACCCGAGTAGTCC	Archaea						
GTGTCAGCAGCCGCGGTAAGACAGAGGGGGCGAGCGTTGTTCGGAATGATTGGGCGTAAAGGGCGTGTAGGCGGTCCAGCCAGTCGGATGTCTAATCCCGGGGCTCAACCCCGGACCGGCGTTCGATACTACTGGACTTGAGGCTCGGAGAGGCGCGTGGAATTCCTGGTGTAGCGGTGAAATGCGTAGATATCAGGAGGAACACCGGTGGCGAAGGCGGCGCGCTGGCCGAGATCTGACGCTGAGGCGCGAAAGCGTGGGGAGCAAACAGGATTAGAAACCCGTGTAGTCC	Bacteria						
GTGCCAGCAGCCGCGGTAAGACAGAGGGGGCAAGCGTTGCTCGGAATTATTGGGCGTAAAGGGCGCGTAGGCGGGGCGGCAAGTCGGTCGTGAAAGCCTCCGGCTCAACCGGGGAAGGTCGATCGATACTGCCGTTCTTGAGGGTAAGAGAGGAGACTGGAATTCCCGGTGTAGCGGTGAAATGTGTAGAGATCGGGAGGAACACCGGTGGCGAAGGCGGGTCTCTGGCTTATCTCTGACGCTGAGGCGCGAAGGCGTGGGGAGCAAACGGGATTAGAAACCCCAGTAGTCC	Bacteria	Methylomirabilota	Methylomirabilia	Rokubacteriales	Rokubacteriales	Rokubacteriales	uncultured_bacterium
GTGCCAGCAGCCGCGGTAAGACAGAGGTGGCGAGCGTTGTTCGGAATTACTGGGCTTAAAGGGCGCGTAGGCGGTAAGATAAGTCTGTGGTGAAATCCTATGGCTTAACCATAGAATTGCCATGGAAACTGTTTTACTTGAGTCAGCGAGGGGATGGTGGAATTCCTGGTGTAGCAGTGAAATGCGTAGATATCCGGAGGAAGGCCGGTGGCGAAGGCGGCCATCTGGCGCTGAACTGACGCTGAGGCGCGAAAGCGTGGGTAGCAAACAGGATTAGATACCCCAGTAGTCC	Bacteria	Nitrospirota	Thermodesulfovibrionia	uncultured	uncultured	uncultured	Nitrospirae_bacterium
GTGTCAGCAGCCGCGGTAATACCAGCACCTCGAGTGGTCAGGAGGTTTATTGGGCCTAAAGCATCCGTAGCCGGCTGCTCAAGTTTCCGGTTAAATCCACACGCTTAACGTATGGGCTGCCGGAAATACTGTTCAGCTAGGGAGTGGGAGAGGTAGACGGTACTCGATAGGAAGGGGTAAAATCCTTTGATCTATTGATGACCACCTGTGGCGAAGGCGGTCTACCAGAACACGTTCGACGGTGAGGGATGAAAGCTGGGGGAGCAAACCGGATTAGAAACCCGTGTAGTCC	Archaea	Crenarchaeota	Nitrososphaeria	Nitrosopumilales	Nitrosopumilaceae	Nitrosopumilaceae	uncultured_archaeon
GTGTCAGCAGCCGCGGTAATACGTAGGTGGCAAGCGTTGTCCGGATTTATTGGGTTTAAAGGGTGCGTAGGCGGTTTTATAAGTCAGTGGTGAAATACAACAGCTTAACTGTTGAGGTGCCATTGATACTGTAAGACTTGAGTACAGACGAGGTAGGCGGAATTGACGGTGTAGCGGTGAAATGCTTAGATATCGTCAAGAACACCGATAGCGAAGGCAGCTTACTAGACTGTAACTGACGCTGAGGCACGAAAGTGTGGGGATCAAACAGGATTAGAAACCCTAGTAGTCC	Bacteria	Bacteroidota	Bacteroidia	Cytophagales	Microscillaceae	OLB12	
GTGTCAGCAGCCGCGGTAATACAGAGGTGGCGAGCGTTACTCGGATTTATTGGGTGTAAAGGGCAAGTAGGCGTCTTAACAAGTTAGAAGTGAAATCCTGCAGCTCAACTGCAGAACTGCTTTTAAAACTGTTGAGATTGAGTTTGGGAGAGGAAAGCGGAATTCTCGGTGTAAGAGTGAAATCTGTAGATATCGAGAGGAACACCGGTGGCGAAGGCGGCTTTCTGGTCCAGTACTGACGCTGAATTGCGAAAGCTAGGGGAGCAAACAGGATTAGAAACCCGAGTAGTCC	Bacteria	Verrucomicrobiota	Omnitrophia	Omnitrophales	Omnitrophaceae	Candidatus_Omnitrophus	
GTGTCAGCAGCCGCGGTCATACGTAGGGTGCAAGCATTATCCGGAGTGACTGGGCGTAAAGAGTTGCGTAGGTGGTTATGTAAGCGAATAGTGAAATGTGGCGGCTCAACCGTACACACTATTATTCGAACTGCATAACTCGAGAATGGTAGAGGTAACTGGAATTTCTTGTGTAGGAGTGAAATCCGTAGATATAAGAAGGAACACCAATGGCGTAGGCAGGTTACTGGACCATTTCTGACACTAAGGCACGAAAGCGTGGGGAGCGAACCGGATTAGAAACCCGAGTAGTCC	Bacteria	Patescibacteria	Saccharimonadia	Saccharimonadales	Saccharimonadaceae	TM7a	
GTGCCAGCAGCCGCGGTAATACGTAGGATGCAAGCGTTGCTCGGAATTATTGGGTGTAAAGGGCGCGTAGGTGGCCTGGTAAGTCATAGGTGAAAGCCCCCGGCTTAACTGGGGAAATGCCCATGATACTGCCGGGCTTGAGTACGGGAGAGGGAAGCGGAATTCCTGGTGTAGCGGTGAAATGCGTAGATATCAGGAGGAACACCGGTGGCGAAGGCGGCTTCCTGGACCGATACTGACACTGAGGCGCGAAAGCGTGGGGAGCAAACAGGATTAGATACCCCAGTAGTCC	Bacteria	DTB120	DTB120	DTB120	DTB120	DTB120	uncultured_bacterium
GTGCCAGCAGCCGCGGTAATACAGAGGTGGCAAGCGTTGTTCGGATTCATTGGGCGTAAAGGGTCCGTAGGCGGCCCGGAAAGTCGGATGTGAAATCCCACGGCTCAACCGTGGAACTGCATTCGAAACTTCCAGGCTCGAGCGCAGGAGGGGTGAAGGGAATTCCCGGTGTAAGGGTGAAATCTGCAGAGATCGGGAGGAACACCAGTCGCGAAGGCGCTTCACTGGACTGCCGCTGACGCTCAGGGACGAAAGCCAGGGGAGCAAACGGGATTAGAAACCCTAGTAGTCC	Bacteria	Verrucomicrobiota	Omnitrophia	Omnitrophales	Omnitrophaceae	Candidatus_Omnitrophus	
GTGTCAGCCGCCGCGGTAATACAGAGACCTCAAGTGTTATCCGGATTTATTGGGCGTAAAGCGTCCGCAGATGGTTTGGCGGGTAAGGGGTTAAAACCTAGTGCTTAACATTAGGATGGCCTTTTAAACTACTAAACTGGAGGATGGAAGAGGTAAGCGGAATTGCAGGTGTAGTCGTAATAAGCGTTGATATCTGCAAGAACACCAAAGGCGAAGGCAGCTTACTGGTACATTCCTGACATTCATGGACGAAAGCGTGGGGAGCGAACAGGATTAGATACCCCTGTAGTCC	Bacteria	Patescibacteria	ABY1	Candidatus_Magasanikbacteria	Candidatus_Magasanikbacteria	Candidatus_Magasanikbacteria	uncultured_bacterium
GTGTCAGCAGCCGCGGTAATACGAGGGCTCCAAGCGTTATCCGGATTTATTGGGCGTAAAGGGTCCGTAGGCGGTTTATCGCATCTCCTGTTAAATCTCATGGCTTAACCATGGGGCCGCGGGAGAGATGGATAAACTAGAGACCGGGAGAGGCAAGTGGAATTGCTGGTGTAGGGGTTAAATCCGTTAATATCAGCAAGAACACCTAATGCGAAAGCAGCTTGCTAGAACGGTTCTGACGCTCAGGGACGAAAGCGTGGGTAGCGAATGGGATTAGAAACCCCAGTAGTCC	Bacteria	Patescibacteria	ABY1	Candidatus_Falkowbacteria	Candidatus_Falkowbacteria	Candidatus_Falkowbacteria	uncultured_bacterium
GTGTCAGCAGCCGCGGTAATACCTGCAGCCCGAGTGGTGCTCGTTATTATTGGGTCTAAATCGTCCGTAGTCGGCTGAGTAGATGCCTGGGTAAATCGAGGCGCCTAACGTCTCGAATTCCAGGTAGACCGCTCGGCTTGGGATCGGGAGAGGTGCAAGGTACTCCAGGGGTAGGGGTAAAATCCTGTAATCCTTGGGGGACCACCAGTGGCGAAGGCGTTGCACTAGAACGAGTCCGACGATCAGGGACGAAGCCCTGGGGCGCAAACGGGATTAGATACCCTAGTAGTCC	Archaea	Thermoplasmatota	Thermoplasmata	uncultured	uncultured	uncultured	uncultured_archaeon
GTGTCAGCAGCCGCGGTAATCCCAGCGCCACAAGTGGCAATCGCCTTTATTGGGCCTAAAGCGTCCGTAGCAGGTTTTGTAAATCTCTTGTGAAAGCGTTATACTCAATATAACGAATGGCAAGAGAAACTGCAAGACTAGGAACCGGGAGGAGTTAGGGGTATTCTTGGGGGAGCGGTAAAATGTTATAATCCCAAGAGGACCACCTGTGGCGAAGGCGCCTAACTAGAACGGATTCGACTGTGAGGGACGAAAGCCAGGGGAGCAATCCGGATTAGATACCCCCTAGTCC	Archaea	Nanoarchaeota	Nanoarchaeia	Woesearchaeales	Woesearchaeales	Woesearchaeales	
GTGTCAGCAGCCGCGGTAATACGAGGAGTGCGAGCGTTGTTCGGATTCACTGGGCGTACAGGGAGCGTAGGCGGTTGGGTAAGCCCTCCGTGAAATCTCCGGGCCTAACCCGGAAAGTGCAGAGGGGACTGCTCGGCTTGAGGACGGGAGAGGAGCGCGGAATTCCCGGTGTAGCGGTGAAATGCGTAGAGATCGGGAGGAAGGCCGGTGGCGAAGGCGGCGCTCTGGAACGTTTCTGACGCTGAGGCTCGAAAGCGTGGGGAGCAAACAGGATTAGAAACCCCGGTAGTCC	Bacteria	Nitrospirota	Nitrospiria	Nitrospirales	Nitrospiraceae	Nitrospira	
GTGTCAGCCGCCGCGGTGATACGTAGGGTGTGAGCGTTGTCCGGATTTATTGGGCGTAAAGGGCTCGTAGGTGGTTGATCGCGTCGGAAGTGTAATCTTGGGGCTTAACCCTGAGCGTGCTTTCGATACGGGTTGACTTGAGGAAGGTAGGGGAGAATGGAATTCCTGGTGGAGCGGTGGAATGCGCAGATATCAGGAGGAACACCAGTGGCGAAGGCGGTTCTCTGGGCCTTTCCTGACGCTGAGGAGCGAAAGCGTGGGGAGCGAACAGGCTTAGATACCCTGTAGTCC	Bacteria	Actinobacteriota	Actinobacteria	Propionibacteriales	Propionibacteriaceae	Cutibacterium	
GTGTCAGCAGCCGCGGTAACACCGGCGCCACAAGTGGCAGCCACATTTATTGGGTCTAAAGCGTCCGTAGCCGATTCGGAAAATCCTCTGTGAAATCGTTGAGCTCAACTCAGCGAATGGCAAAGGAGACTGCCGAATTAGGGATCGGGAGGGGGCAGAGGTATTCTTTGGGAAGCGGTAAAATGCTATAATCCTTAGAAGACCACCTGTGGTGAAGACGTCTGCCTAGAACGAATCTGACGGTGAGGGACGAAAGCTAGGGGAGCGATCCGGATTAGAAACCCGAGTAGTCC	Archaea	Nanoarchaeota	Nanoarchaeia	Woesearchaeales	Woesearchaeales	Woesearchaeales	
GTGTCAGCAGCCGCGGTAATACGAAGGGGGCTAGCGTTGTTCGGAATTACTGGGCGTAAAGCGCACGTAGGCGGATATTTAAGTCAGGGGTGAAATCCCAGAGCTCAACTCTGGAACTGCCTTTGATACTGGGTATCTTGAGTATGGAAGAGGTAAGTGGAATTCCGAGTGTAGAGGTGAAATTCGTAGATATTCGGAGGAACACCAGTGGCGAAGGCGGCTTACTGGTCCATTACTGACGCTGAGGTGCGAAAGCGTGGGGAGCAAACAGGATTAGATACCCCCGTAGTCC	Bacteria	Proteobacteria	Alphaproteobacteria	Rhizobiales	Rhizobiaceae	Allorhizobium-Neorhizobium-Pararhizobium-Rhizobium	
GTGCCAGCAGCCGCGGTAATACGAAGGTGGCAAGCGTTGTTCGGATTTACTGGGCGTAAAGGGAGCGTAGGCGGTTCGGTAAGCCCTCCGGGAAATCTCCCGGCTTAACCGGGAAAGGTCGGAGGGGACTGCCGGACTAGAGGACGGGAGAGGAGCGCGGAATTCCCGGTGTAGCGGTGAAATGCGTAGAGATCGGGAGGAAGGCCGGTGGCGAAGGCGGTGCTCTGGAACGTCCCTGACGCTGAGGCTCGAAAGCGTGGGGAGCAAACAGGATTAGAGACCCCCGTAGTCC	Bacteria	Nitrospirota	Nitrospiria	Nitrospirales	Nitrospiraceae	Nitrospira	
GTGTCAGCAGCCGCGGTAATACAGAGGGTGCAAGCGTTAATCGGAATTACTGGGCGTAAAGCGTGCGTAGGTGGTTTGATAAGTCAGATGTGAAATCCCTGGGCTCAACCTGGGAACTGCATTTGATACTGTCGAACTCGAGTTCAGTAGAGGGTAGTAGAATTCCCGGTGTAGCGGTGAAATGCGTAGATATCGGGAGGAATACCAGTGGCGAAGGCGGCTACCTGGACTGAAACTGACACTGAGGTACGAAAGCGTGGGTAGCAAACAGGATTAGAAACCCCTGTAGTCC	Bacteria	Proteobacteria	Gammaproteobacteria	Acidiferrobacterales	Acidiferrobacteraceae	Sulfurifustis	
GTGTCAGCCGCCGCGGTAAGACAGAGGTGGCAAGCGTTGTTCGGAATTATTGGGCGTAAAGGGCGTGTAGGCGGTGTGGTAAGTCCGGTGTGAAATCCTATGGCTCAACCATAGAACGGCATTGGATACTGCCACACTTGAGTGCAGGAGAGGAGGGTGGAATTCCCGGTGTAGAGGTGAAATTCGTAGAGATCGGGAGGAACACCAGTGGCGAAGGCGGCCCTCTGGACTGTAACTGACGCTAAAGCGCGAAAGCGTGGGGAGCAAACAGGATTAGATACCCTAGTAGTCC	Bacteria						
GTGTCAGCAGCCGCGGTAACCCAGGAGCCACAAGTGGCAACCGCTTTTATTGGGCCTAAAGCGTCCGTAGCCGGCCTAGTAAATTTCCTGTGAAATCGTTGGGCTTAACCTAACGTCGTGCAGGAAAGACTACTAGGCTAGGGACCGGGAGGCGTCAGAGGTATTCCTGAGGGAGCGGTAAAATGCTATAATCTCAGGAGGACCCCCTGTGGCGAAGGCGTCTGACGAGAACGGATCCGACGGTGAGGGACGAAAGCTAGGGGAGCAAACCGGATTAGATACCCGCGTAGTCC	Archaea	Nanoarchaeota	Nanoarchaeia	Woesearchaeales	Woesearchaeales	Woesearchaeales	
GTGTCAGCAGCCGCGGTAATACGGAGGGGGCTAGCGTTGTTCGGAATTACTGGGCGTAAAGCGCACGTAGGCGGCTTTGTAAGTTAGAGGTGAAAGCCCGGGGCTCAACCCCGGAATTGCCTTTAAGACTGCATCGCTTGAACGTCGGAGAGGTGAGTGGAATTCCGAGTGTAGAGGTGAAATTCGTAGATATTCGGAAGAACACCAGTGGCGAAGGCGGCTCACTGGACGACTGTTGACGCTGAGGTGCGAAAGCGTGGGGAGCAAACAGGATTAGAAACCCTAGTAGTCC	Bacteria	Proteobacteria	Alphaproteobacteria	Sphingomonadales	Sphingomonadaceae	Sphingomonas	
GTGTCAGCAGCCGCGGTGAAGGATGCCGGTAATAGCATTTAAATCTAGAGGTATTATTGTCCCATCAATTAATCCTGCCCATCCGTTTTTTATCCCCCACATTGTATAACCGTAAAAATTTATACCTTTGCGTACTACTGCGCGAATAACCGCATTTAAACCCGAGTAGTCC	Unassigned						
GTGTCAGCAGCCGCGGTAATACCTGCAGCCCGAGTGGTGGCCGTTATTATTGGGCCTAAAACGTCCGTAGCCGGTTGGGTAGATGCCTGTGTAAATCGAACGGCTTAACCGTTCGAATTGCGGGTAGACCGCCCGACTAGGGACCGGGAGAGTCACGAAGTACTCCGGGGGTAGAGGTGAAATTCTGTAATCCTCGGGGGACTACCGGTGGCGAAGGCGTCGTGATAGAACGGCTCCGACGGTGAGGGACGAAGCCCTGGGGCGCAAACCGGATTAGAAACCCCAGTAGTCC	Archaea	Thermoplasmatota	Thermoplasmata	Marine_Group_II	Marine_Group_II	Marine_Group_II	
GTGTCAGCAGCCGCGGTAATACGAAGGCGCCAAGCGTTATCCGGATTTATTGGGCGTAAAGAGTTCAAAGGGGGTTATGTTAGTCCAATGTTAAAGCTCGCAACTCAATTGCGAAAGTGCATTGGAAACGGCATAACTTGAGGAAATCAGAGGCAAGTAGAACGGCCGGTGTAGGGGTGAAATCCGTTGATATCGGCCGGAATACCAAAGGCGAAGGCATCTTGCTGGGATTTTTCTGACCCTGAAAGAACGAAAGCGTGGGTCGCGAATGGGATTAGATACCCCTGTAGTCC	Bacteria	Patescibacteria	Parcubacteria	Candidatus_Azambacteria	Candidatus_Azambacteria	Candidatus_Azambacteria	Candidatus_Azambacteria
GTGTCAGCCGCCGCGGTCATACGGAGGATCCAAGCGTTATCCGGAATTACTGGGCGTAAAGAGTTGCGTAGGTGGCATAGTAAGCAAATAGTGAAAGCGTGGGGCTCAACCCCATATACATTATTTGAACTGCTAAGCTAGAGGACGAGAGAGGTCGCTGGAATTCCTAGTGTAGGAGTGAAATCCGTAGATATTAGGAGGAACACCGATGGCGTAGGCAGGCGACTGGCTCGTTCCTGACACTAAGGCACGAAAGCGTGGGTAGCAAACGGGATTAGAAACCCCTGTAGTCC	Bacteria	Patescibacteria	Saccharimonadia	Saccharimonadales			
GTGTCAGCAGCCGCGGTAATACGTAGGGTGCGAGCGTTAATCGGAATTACTGGGCGTAAAGCGTGCGCAGGCGGTTTTGTAAGACAGACGTGAAATCCCCGGGCTTAACCTGGGAACTGCGTTTGTGACTGCAAGGCTAGAGTACGGCAGAGGGGGGTAGAATTCCACGTGTAGCAGTGAAATGCGTAGATATGTGGAGGAATACCGATGGCGAAGGCAGCCCCCTGGGTCGATACTGACGCTCATGCACGAAAGCGTGGGGAGCAAACAGGATTAGATACCCGCGTAGTCC	Bacteria	Proteobacteria	Gammaproteobacteria	Burkholderiales	Gallionellaceae	Sideroxydans	
GTGTCAGCAGCCGCGGTAATACGTAGGGTGCGAGCGTTAATCGGAATTACTGGGCGTAAAGCGTGCGCAGGCGGTTTTGTAAGACAGACGTGAAATCCCCGGGCTTAACCTGGGAACTGCGTTTGTGACTGCAAGGCTAGAGTACGGCAGAGGGGGGTAGAATTCCACGTGTAGCAGTGAAATGCGTAGATATGTGGAGGAATACCGATGGCGAAGGCAGCCCCCTGGGTCGATACTGACGCTCATGCACGAAAGCGTGGGGAGCAAACAGGATTAGAAACCCGCGTAGTCC	Bacteria	Proteobacteria	Gammaproteobacteria	Burkholderiales	Gallionellaceae	Sideroxydans	
GTGTCAGCAGCCGCGGTAATACGGAGGGAGCTAGCGTTGTTCGGAATTACTGGGCGTAAAGCGCGCGTAGGCGGTTTTTTAAGTCAGAGGTGAAAGCCCAGTGCTCAACACTGGAACTGCCTTTGAAACTGGAAAACTTGAATCTTGGAGAGGTCAGTGGAATTCCGAGTGTAGAGGTGAAATTCGTAGATATTCGGAAGAACACCAGTGGCGAAGGCGACTGACTGGACAAGTATTGACGCTGAGGTGCGAAAGCGTGGGGAGCAAACAGGATTAGAAACCCTGGTAGTCC	Bacteria	Proteobacteria	Alphaproteobacteria	Sphingomonadales	Sphingomonadaceae	Sphingopyxis	
GTGTCAGCCGCCGCGGTAATACGTAGGGTGCAAGCGTTAATCGGAATTACTGGGCGTAAAGGGTGCGCAGGCGGCCCCGCGTGTCAGGCGTGAAATCCCCGGGCTTAACCTGGGAATGGCGCTTGAAACTACGGGGCTGGAGTGTGGCAGAGGGAGGTGGAATTCCACGTGTAGCGGTGAAATGCGTAGAGATGTGGAGGAACACCGATGGCGAAGGCAGCCTCCTGGGCCAACACTGACGCTCATGCACGAAAGCGTGGGGAGCAAACAGGATTAGATACCCGAGTAGTCC	Bacteria	Proteobacteria	Gammaproteobacteria	Burkholderiales	Nitrosomonadaceae	MND1	
GTGTCAGCAGCCGCGGTAAGACGTAGGTCTCGAGCGTTATCCGGTTTTATTGGGCGTAAAGCGTATGCAGGCGTCCCCACAAGTTTTCAGTCAAAGACTAAAGCTCAACTTTAGAAACGCTGGAAAAACTGTGGGGATTGAGGAAGCTAGGGGGTACTGGAACTCGCGGAGGAGCAGTGAAATGCGCTGATACCGCGGTGAACACCAAGGGCGAAGGCAAGTACCTGGGGCTTTTCTGACGCTCAGATACGAAAGCGTGGGGAGCAAAACGGATTAGAAACCCTAGTAGTCC	Bacteria	Patescibacteria					
GTGTCAGCAGCCGCGGTAACACAGGTAGCACGAGTGGTGTCCACGAATATTGAGCTTAAAGCGTCCGTAGCCGGCTTTGCAAGTTTCCTGTGAAATCTCTCGGCTCAACCGAGAGGCGTGCAGGAAATACTACAAGGCTCGGGAGTGGGGGAGGTAAGGGGTACGCTAGGGGGAACGGTAAAATGTTGTAATCCTTAGCGGACCACCAGATTGCCCGCTTCTACAAAGAAGCGGGTGAGGCGAGTGGCGAAGGCGCCTTACCAAAACACGTCCGACGGTGAGGGACGAAGGCTAGGGGAGCAAATCGGATTAGAAACCCTGGTAGTCC	Archaea						
GTGTCAGCAGCCGCGGTAATACGGGGGTGGCGAGCGTTACTCGGATTTATTGGGTGTAAAGGGCAGGTAGGCGTCTCTACAAGTTAAAAGTGAAATCCTGTGGCTCAACCACAGAACTGCTTCTAAAACTGTAGAGATTGAAGATAGGAGAGGAGAGCGGAATTCCCGGTGTAAGGGTGAAATCTGTAGATATCGGGAGGAACACCAGTGGCGAAAGCGGCTCTCTGGTCTATCCTTGACGCTAAGCTGCGAAAGCTAGGGGAGCAAACAGGATTAGAAACCCTGGTAGTCC	Bacteria	Verrucomicrobiota	Omnitrophia	Omnitrophales	Omnitrophaceae	Candidatus_Omnitrophus	uncultured_bacterium
GTGTCAGCAGCCGCGGTAAGACAGAGGTGGCGAGCGTTGTTCGGAATTACTGGGCTTAAAGGGCGCGTAGGCGGTAAGATAAGTCTGTGGTGAAATCCTATGGCTTAACCATAGAATTGCCATGGAAACTGTTTTACTTGAGTCAGCGAGGGGATGGTGGAATTCCTGGTGTAGCAGTGAAATGCGTAGATATCCGGAGGAAGGCCGGTGGCGAAGGCGGCCATCTGGCGCTGAACTGACGCTGAGGCGCGAAAGCGTGGGTAGCAAACAGGATTAGAAACCCTAGTAGTCC	Bacteria	Nitrospirota	Thermodesulfovibrionia	uncultured	uncultured	uncultured	Nitrospirae_bacterium
GTGCCAGCAGCCGCGGTAATACGTGTGGTGCAAACGTTGTCCGGAATCACTGGGCGTAAAGAGTACGTAGGTGGTTTGAGAAGTCTCCAATTAAAGACCAAGGCCTAACCTTGGGAATGTTGGAGATACCATCAAACTTGAGGATCGCAGGGGCTAGCCGAACGATCGGTGTAGGAGTGGAATCCGTTGATATCGATCGGAACACCAAAGGCGAAGGCAGCTAGCTAGGCGGATCCTGACACTCAGGTACGAAAGCGTGGGGAGCGAATGGGATTAGATACCCCAGTAGTCC	Bacteria	Patescibacteria	Berkelbacteria	Berkelbacteria	Berkelbacteria	Berkelbacteria	Berkelbacteria_bacterium
GTGTCAGCAGCCGCGGTAATACGGAGGGTGCAAGCGTTGTTCGGAATTATTGGGCGTAAAGCGCACGTAGGTGGCTTCAGAAGTCCGGTGTGAAATCCCTCGGCTTAACCGAGGAAGTGCGCCGGAAACCATGGAGCTTGAGTACAGGAGGGGAGAGTGGAATTCCCAGTGTAGAGGTGAAATTCGTAGATATTGGGAGGAACACCGGTGGCGAAAGCGACTCTCTGGACTGTTACTGACACTAAGGTGCGAAAGCGTGGGTAGCAAACAGGATTAGAAACCCGAGTAGTCC	Bacteria						
GTGTCAGCAGCCGCGACCATTCCCAGCTCCACCCTCAAAGCTCTAGGGATATCCGCTTACGGAGTGGTATCGGTAAGCCGCTCAAGCCTTACGGCGGAAGCGGGTAAAGTTTTTGACTGGAAAAATGTCAAAGCTTATAATTTTGTTTACAATACTAAATTTACCAGTTCTTTTCCGCATTACATTGATAGCTTTAGCGCGTCTGCTTCACCAGAAACCCCAGTAGTCC	Unassigned						
GTGTCAGCAGCCGCGGTAATACGTAGGGTGCAAGCGTTAATCGGAATTACTGGGCGTAAAGCGTGCGCAGGCGGTTTTGTAAGTCTGTCGTGAAATCCCCGGGCTCAACCTGGGAATGGCGATGGAGACTGCAAGGCTAGAGTTTGGCAGAGGGGGGTAGAATTCCACGTGTAGCAGTGAAATGCGTAGATATGTGGAGGAACACCGATGGCGAAGGCAGCCCCCTGGGTCAAGACTGACGCTCATGCACGAAAGCGTGGGGAGCAAACAGGATTAGAAACCCCAGTAGTCC	Bacteria	Proteobacteria	Gammaproteobacteria	Burkholderiales	Oxalobacteraceae		
GTGTCAGCAGCCGCGGTAATACGAAGGGGGCTAGCGTTGTTCGGATTTACTGGGCGTAAAGCGCACGTAGGCGGACTTTTAAGTCAGGGGTGAAATCCCAGAGCTCAACTCTGGAACTGCCTTTGATACTGGAAGTCTTGAGTATGGTAGAGGTGAGTGGAATTCCGAGTGTAGAGGTGAAATTCGTAGATATTCGGAGGAACACCAGTGGCGAAGGCGGCTCACTGGACCATTACTGACGCTGAGGTGCGAAAGCGTGGGGAGCAAACAGGATTAGATACCCTTGTAGTCC	Bacteria	Proteobacteria	Alphaproteobacteria	Rhizobiales	Rhizobiaceae	Ochrobactrum	
GTGTCAGCAGCCGCGGTAATACGTATGGTGCTAGCGTTGTTCGGAATCACTGGGCGTAAAGAGCACGCAGGCGGATTGTTAAGTCGGATGTGAAAACTATGGGCTCAACCCATAGCCTGCATTCGAAACTGGCAATCTGGAGTCTCGGAGAGGTAAGCGGAATTCCCGGTGTAGCGGTGAAATGCGTAGATATCGGGAGGAACACCAATGGCGAAGGCAGCTTACTGGACGGTGACTGACGCTGAGGTGCGAAAGCGTGGGGAGCAAACAGGATTAGAAACCCTTGTAGTCC	Bacteria	Spirochaetota	Leptospirae	Leptospirales	Leptospiraceae	uncultured	uncultured_bacterium
GTGTCAGCAGCCGCGGTAATACGGAGGGTGCGAGCGTTGTTCGGAATTACTGGGCGTAAAGCGCGTGTAGGCGGCCTTGCAAGTCAGGCGTGAAAGCCCTCGGCTTAACCGGGGAAGTGCGTCTGAAACTGCTTGGCTTGAGTACGGGAGAGGGAGGCGGAATTCCCAGTGTAGAGGTGAAATTCGTAGATATTGGGAGGAACACCGGTGGCGAAAGCGGCCTCCTGGACCGATACTGACGCTGAGACGCGAAAGCGTGGGGAGCAAACAGGATTAGAAACCCTAGTAGTCC	Bacteria	MBNT15	MBNT15	MBNT15	MBNT15	MBNT15	uncultured_prokaryote
GTGTCAGCAGCCGCGGTAATACAGAGGTGGCAAGCGTTACTCGGATTTATTGGGTGTAAAGGGCAAGTAGGCGTCTTAACAAGTTAGGAGCGAAATCCTGCAGCTTAACTGCAGAACTGCTTTTAAAACTGTTGAGATTGAGTTTGGGAGAGGAAAGCGGAATTCTCGGTGTAAGAGTGAAATCTGTAGATATCGAGAGGAACACCAGTGGCGAAGGCGGCTTTCTGGTCCAATACTGACGCTGAATTGCGAAAGCTAGGGGAGCAAACAGGATTAGATACCCCCGTAGTCC	Bacteria	Verrucomicrobiota	Omnitrophia	Omnitrophales	Omnitrophaceae	Candidatus_Omnitrophus	
GTGTCAGCAGCCGCGGTAATACGTAGGACCCAAGCGTTGTCCGGATTTACTGGGTGTAAAGGGAGCGCAGGCGGATTATTAAGTCGATTGTGAAATCTTGCGGCTCAACCGCAAAACAGCAGTCGATACTGATGATCTTGAGTGTGGAAGAGAGTGGCGGAATTCATGGTGTAGCAGTGAAATGCGTAGATATCATGAAGAACACCGGTTGCGAAGGCGGCCACTTAGTCCATTACTGACGCTCATGCTCGAAAGCGTGGGGATCAAACAGGATTAGATACCCTTGTAGTCC	Bacteria	Bacteroidota	Kryptonia	Kryptoniales	BSV26	BSV26	denitrifying_bacterium
GTGTCAGCAGCCGCGGTAATACAGAGGGTGCGAGCGTTAATCGGATTTACTGGGCGTAAAGCGTGCGTAGGCGGCTTTTTAAGTCGGATGTGAAATCCCTGAGCTTAACTTAGGAATTGCATTCGATACTGGGAAGCTAGAGTATGGGAGAGGATGGTAGAATTCCAGGTGTAGCGGTGAAATGCGTAGAGATCTGGAGGAATACCGATGGCGAAGGCAGCCATCTGGCCTAATACTGACGCTGAGGTACGAAAGCATGGGGAGCAAACAGGATTAGATACCCCGGTAGTCC	Bacteria	Proteobacteria	Gammaproteobacteria	Pseudomonadales	Moraxellaceae	Acinetobacter	
GTGCCAGCAGCCGCGGTAACACCAGCGCCACAAGTGGCAATCGACATTATTGGGCCTAAAGCGTCCGTAGCCGGTTTTGTAAATCTTCTGTGAAATTGTCAGGCTTAACTTGGCAACGTGCAGGAGACACTGCAAAACTTGGGACTGGGAGGCGTCAGAGGTATGTCTAGGGGAGCGGTAAAATGTGATAATCCTAGACAGACTACCTGTGGCGAAGGCGTCTGACGAGAACAGATCTGACGGTGAGGGACGAAAGCTAGGGGAGCGATCCGGATTAGAAACCCTAGTAGTCC	Archaea	Nanoarchaeota	Nanoarchaeia	Woesearchaeales	Woesearchaeales	Woesearchaeales	archaeon_GW2011_AR16
GTGTCAGCAGCCGCGGTAATACAGAGACTGCAAGCGTTATTCGGATTCACTGGGCGTAAAGGGTGCGCAGGCGGTTGGGTGTGTCAGATGTGAAATCCCGAGGCTTAACCTCGGAACTGCGTCTGAAACTACTCGACTAGAGTATTGGAGAGGGTAACGGAATTCACGGTGTAGCAGTGAAATGCGTAGATATCGTGAGGAACACCAGAGGCGAAGGCGGTTACCTGGACAATTACTGACGCTCAGGCACGAAAGCATGGGGAGCAAAAGGGATTAGATACCCTAGTAGTCC	Bacteria	Verrucomicrobiota	Verrucomicrobiae	Opitutales	Opitutaceae	Lacunisphaera	
GTGTCAGCCGCCGCGGTAATACAGAGACCTCAAGTGTTATCCGGATTTATTGGGCGTAAAGCGTCCGCAGATGGTTTGGCGGGTAAGGGGTTAAAACCTAGTGCTTAACATTAGGATGGCCTTTTAAACTACTAAACTAGAGGATGGAAGAGGTAAGCGGAATTGCAGGTGTAGTCGTAATAAGCGTTGATATCTGCAAGAACACCAAAGGCGAAGGCAGCTTACTGGTACATTCCTGACATTCATGGACGAAAGCGTGGGGAGCGAACAGGATTAGATACCCGTGTAGTCC	Bacteria	Patescibacteria	ABY1	Candidatus_Magasanikbacteria	Candidatus_Magasanikbacteria	Candidatus_Magasanikbacteria	
GTGTTCAGCCGCCGCGGTAACACCGGCGCCACAAGTGGCAGCCACATTTATTGGGTCTAAAGCGTCCGTAGCCGATTCGGAAAATCCTCTGTGAAATCGTTGAGCTCAACTCAGCGAATGGCAAAGGAGACTGCCGAATTAGGGATCGGGAGGGGGCAGAGGTATTCTTTGGGAAGCGGTAAAATGCTATAATCCTTAGAAGACCACCTGTGGTGAAGACGTCTGCCTAGAACGAATCTGACGGTGAGGGACGAAAGCTAGGGGAGCGATCCGGATTAGATACCCTGGTAGTCC	Archaea	Nanoarchaeota	Nanoarchaeia	Woesearchaeales	Woesearchaeales	Woesearchaeales	
GTGTCAGCAGCCGCGGTAAGACAGAGGTGGCAAGCGTTGTTCGGAATTATTGGGCGTAAAGGGCGTGTAGGCGGTGTGGTCAGTCCGGTGTGAAATCCCTCCGCTTAACGGAGGAACTGCATCCGAAACTGCAAGACTTGAGTTCGGAAGAGGAGAGCGGAATTCCCGGTGTAGAGGTGAAATTCGTAGATATCGGGAGGAACATCCGTGGCGAAGGCGGCTCTCTGGTCCGATACTGACGCTCAGACACGAAAGCGTGGGGAGCAAACAGGATTAGAAACCCGTGTAGTCC	Bacteria						
GTGTCAGCAGCCGCGGTAATACGTAGGGTGCAAGCGTTGTCCGGAATTACTGGGCGTAAAGAGTTCGTAGGCGGTTTGTCGCGTCGTTTGTGAAAACCAGCAGCTCAACTGCTGGCTTGCAGGCGATACGGGCAGACTTGAGTACTGCAGGGGAGACTGGAATTCCTGGTGTAGCGGTGAAATGCGCAGATATCAGGAGGAACACCGGTGGCGAAGGCGGGTCTCTGGGCAGTAACTGACGCTGAGGAACGAAAGCGTGGGTAGCGAACAGGATTAGATACCCCGGTAGTCC	Bacteria	Actinobacteriota	Actinobacteria	Corynebacteriales	Nocardiaceae	Rhodococcus	
GTGTCAGCAGCCGCGGTAAGACAGAGGTGGCAAGCGTTGTTCGGATTTACTGGGCGTAAAGCGCGTGTAGGCGGTTTAGTAAGTCAGGCGTGAAATCTTCCGACTTAATCGGGAAACTGCGCTTGATACTGCTTTACTTGAGTGTGGGAGAGGAGAGTGGAATTCCCGGTGTAGCGGTGAAATGCGTAGATATCGGGAGGAACACCAGTGGCGAAGGCGGCTCTCTGGACCACTACTGACGCTGAGACGCGAAAGCGTGGGGAGCAAACAGGATTAGAAACCCTAGTAGTCC	Bacteria						
GTGCCAGCAGCCGCGGTAATACGAAGGTGGCAAGCGTTATTCGGATTTACTGGGCGTACAGGGAGCGTAGGCGGTTCGGTAAGCCCTCTGTGAAATCTTCAGGCTTAACCTGGAAAAGTCGGAGGGGACTGCCGGGCTAGAGGACGGGAGAGGAGCGCGGAATTCCCGGTGTAGCGGTGAAATGCGTAGAGATCGGGAGGAAGGCCGGTGGCGAAGGCGGCGCTCTGGAACGTTTCTGACGCTGAGGCTCGAAAGCGTGGGGAGCAAACAGGATTAGATACCCCCGTAGTCC	Bacteria	Nitrospirota	Nitrospiria	Nitrospirales	Nitrospiraceae	Nitrospira	
GTGTCAGCAGACGCGGTAATACAGAGACCTCAAACGTTGTCCGGATTCATTGGGCGTAAAGCGTCCGCAGGTGGCTTTGGAAGTCAGGGGTTAAAGCTTCCGACTTAATCGGAAAATTGCTTTTGATACTCCAAAGCTAGAGGTTGTGAGAGGCACACGGAACTGCCGGTGTAGTAGTAAAATGCGTTGATATCGGCAGGAACACCAAAGGCGAAGGCAGTGTGCTAGAACAACTCTGACACTCATGGACGAAAGCGTGGGGAGCGAATGGGATTAGATACCCTAGTAGTCC	Bacteria	Patescibacteria	ABY1	Candidatus_Magasanikbacteria	Candidatus_Magasanikbacteria	Candidatus_Magasanikbacteria	Candidatus_Magasanikbacteria
GTGTCAGCAGCCGCGGTAATACGGAGGTGGCGAGCGTTACTCGGATTTACTGGGTGTAAAGGGTATGTAGGTGGCCTTATAAGTCGAATGTGAAATCCCACAGCTTAACTGTGGAACTGCATTCGAAACTGTTTGGCTTGAGTACAGGAGAGGAGAATGGAATTCCCGGTGTAACAGTGAAATGTGTAGAGATCGGGAGGAACACCAGTGGCGAAAGCGATTCTCTGGCCTGATACTGACACTGAAATACGAAAGCTTGGGGAGCAAACAGGATTAGAAACCCCAGTAGTCC	Bacteria	Verrucomicrobiota	Omnitrophia	Omnitrophales	Omnitrophaceae	Candidatus_Omnitrophus	uncultured_bacterium
GTGTCAGCAGCCGCGGTAATACGTGAGCCCCAAGCGTTATCCGGAATTATTGGGCGTAAAGCGTTCGTAGGTTGTTTTGTTAGTCTTGTGTTAAATATTTGGGCTTAACCCAGATGCTGCGCAGGAAACGGCAAAACTAGAAGGTGCGAGAGGTCTGTGGAACTCATGGTGTAGGGGTGAAATCCGTTGATATCATGGGGAACACCAAAGGCGAAGGCAGCAGACTGGCGCAACCTTGACACTGAGGAACGAAAGCTAGGGTAGCGAACGGGATTAGAAACCCTAGTAGTCC	Bacteria	Patescibacteria	Parcubacteria	Candidatus_Spechtbacteria	Candidatus_Spechtbacteria	Candidatus_Spechtbacteria	Candidatus_Spechtbacteria
GTGTCAGCAGCCGCGGTAACCCCAGCGCCACAAGTGGTGACCACATTTATTGGGCCTAAAGCGTCCGTAGCCGGCATACTAAATCTTTTGTGAAATTGTTATGCTTAACATAACAACGTGCAGAAGAGACTGGTATGCTTGGGACTGGGAGGAGTCAGAGGTATTATTGGGGGAGCGGTAAAATGTTATAATCCCAATAAGACCACCTGTGGCGTAGGCGTCTGACTAGAACAGATCCGACGGTGAGGGACGAAAGCTAGGGGAGCGATCCGGATTAGATACCCCCGTAGTCC	Archaea	Nanoarchaeota	Nanoarchaeia	Woesearchaeales	Woesearchaeales	Woesearchaeales	
GTGTCAGCAGCCGCGGTAATCCCAGCGGTCCAAGTCGCAGCCACGTTTATTGGGTCTAAAACATCCGTAGCTTGTTGCGTCAGTCTTTTGTGAAATCTGGCCTCTTAAGGGTCGGGCGAGCAAGAGATACTGCGCAGCTAGAGACCGGGAGACGTAAGGAGTACGATTCGGGTAGCGGTTAAATGCGTTGATCCTTATCGGACTAACAATAGCGAAGGCACCTTACGAGAACGGATCTGACAGTGAGGGATGAAGGCTAGGGGCGCAAAACGGATTAGATACCCTTGTAGTCC	Archaea	Thermoplasmatota	Thermoplasmata	uncultured	uncultured	uncultured	Candidatus_Amesbacteria
GTGTCAGCAGCCGCGGTAATACGAAGGGGGCTAGCGTTGTTCGGAATTACTGGGCGTAAAGCGCACGTAGGCGGATCGTTAAGTGAGGGGTGAAATCCCAGGGCTCAACCCTGGAACTGCCTTTCATACTGGCGATCTTGAGTTCGAGAGAGGTGAGTGGAATTCCGAGTGTAGAGGTGAAATTCGTAGATATTCGGAGGAACACCAGTGGCGAAGGCGGCTCACTGGCTCGATACTGACGCTGAGGTGCGAAAGCGTGGGGAGCAAACAGGATTAGATACCCTAGTAGTCC	Bacteria	Proteobacteria	Alphaproteobacteria	Rhizobiales	Rhizobiaceae	Hoeflea	
GTGCCAGCCGCCGCGGTAATACGAGTGCCCCGAGCGTTATCCGGAATCATTGGGTGTAAAAGGTGTGTAGGTGGCTGTGTTAGTCTTCTGTTAAACCTCCCGGCTTAACCGGGAAACTGCGGAGGATACGGCACAACTAGAGGGTGCGAGAGGTGCGCAGAACTTATGGAGTAGGGGTGAAATCCGTTGATACCATAGGGAATACCGAATGCGAAGGCAGCGCGCTGGTGCATTCCTGACACTGAGACACGAAAGCGTGGGTAGCGAATGGGATTAGAAACCCCTGTAGTCC	Bacteria	Patescibacteria	Parcubacteria				
GTGCCAGCAGCCGCGGTAACACCAGCGCCACGAGTGGCAATCATATTTATTGGGCCTAAAGCGTCCGTAGCAGGTCTAGTAAATCTTTTGTGAAATCGTTAATTTGAACTTAACGGCGTGCAGAAGAGACTGCTAGACTAGGGACCGGGAGAAGTTAGAGGAACTTCTGGGGGAGCGGTAAAATGTTATAATCCCGGAAAGACCGCCTGTGGCGAAGGCGTCTAACTAGAACGGATTCGACTGTGAGGGACGAAAGCCAGGGGAGCAAACCGGATTAGATACCCTAGTAGTCC	Archaea	Nanoarchaeota	Nanoarchaeia	Woesearchaeales	Woesearchaeales	Woesearchaeales	
GTGTCAGCAGCCGCGGTAATACGTAGGTGGCAAGCGTTGTCCGGATTTACTGGGCGTAAAGAGCGCGCAGGCGGTCGTTCAAGTCGCGTGTGAAAGCCCCCGGCTCAACTGGGGAGGGTCACGCGATACTGATCGACTCGAAGGCAGGAGAGGGTAGTGGAATTCCCGGTGTAGTGGTGAAATGCGTAGATATCGGGAGGAACACCAGTGGCGAAGGCGACTACCTGGCCTGTTCTTGACGCTGAGGCGCGAAAGCTAGGGGAGCAAACGGGATTAGATACCCCAGTAGTCC	Bacteria	Chloroflexi	KD4-96	KD4-96	KD4-96	KD4-96	
GTGTCAGCAGCCGCGGTAAGACAGAGGTGGCTAGCGTTGTTCGGATTCATTGGGTGTAAAGGGTGCGTAGGCGGTTTGGAAAGTCAGATGTGAAAGCCCACAGCTCAACTGTGGAAATGCATCTGAAACTTCCAGACTCGAGTGCGAGAGAGGTGAAGGGAATTCCCGGTGTAAGGGTGAAATCTGCAGAGATCGGGAGGAACACCAGTAGCGAAGGCGCTTCACTGGCTCGCAACTGACGCTGAGTGCACGAAGGCGTGGGGAGCAAACGGGATTAGATACCCCAGTAGTCC	Bacteria	Verrucomicrobiota	Omnitrophia	Omnitrophales	Omnitrophaceae	Candidatus_Omnitrophus	
GTGTCAGCAGCCGCGGTAATACAGAGGGTGCAAGCGTTAATCGGATTTACTGGGCGTAAAGCGTGTGTAGGTGGCTTCCTAAGTCGGTTGTGAAATCCCTGGGCTCAACCTGGGAATTGCAGTCGATACTGGGAAGCTAGAGTTCGGTAGAGGGTGACGGAATTCCCGGTGTAGCGGTGAAATGCGTAGATATCGGGAGGAACATCGATGGCGAAGGCAATCACCTGGGCCTGAACTGACACTGTGACACGAAAGCGTGGGTAGCAAACAGGATTAGATACCCGAGTAGTCC	Bacteria	Proteobacteria	Gammaproteobacteria	Salinisphaerales	Solimonadaceae	Polycyclovorans	uncultured_bacterium
GTGTCAGCAGCCGCGGTAATACAGAGACCTCAAACGTTATCCGGATTTATTGGGCGTAAAGCGCTAAAAGGCGGTTCAGTAAGTTGGACATTAAAGCCCGAGGCTCAACCTCGGATCTATGCCCAAAACTACTAGACTTGAGGATGGAAGAAGCAAGCGGAATGGCTAGTGTAGCAGTAAAATGCGTTAATATTAGCCAGAACACCGATGGCGAAAGCAGCTTGCTAGGACATTCCTGACGCTAAATAGCGAAAGCGTGGGTAGCGAATGGGATTAGAAACCCTAGTAGTCC	Bacteria	Patescibacteria	ABY1				
GTGTCAGCAGCCGCGGTAATACAGAGGGTGCGAGCGTTAATCGGAATGACTGGGCGTAAAGGGTGCGTAGGTGGAAGCATAAGTGTGTTGTGAAATCCCTGGGCTTAACCTGGGAATGGCAACGCAAACTGAGTTTCTGGAGTGGGGTAGAGGCGTGAGGAATTTCCGGTGTAGCGGTGAAATGCGTAGAGATCGGAAAGAACACCAGTGGCGAAGGCGGCACGCTGGGCCCACACTGACACTGAGGCACGAAAGCATGGGGAGCAAACAGGATTAGAAACCCCTGTAGTCC	Bacteria	Proteobacteria	Gammaproteobacteria				
GTGTCAGCAGCCGCGGTAACCCCAGCGCCACAAGTGGCAACCATATTTATTTGGTCTAAAGCGTCCGTAGCAGGTCTAATAAATCTTTTGTGAAATTGTTGGGCTTAACTTAACAACGTGCAGAAGACACTGTTAAACTAGGAACCGGGAGAAGTTAGGAGTATTTCATGGGGAGTGGTAAAATATTATAATCCATGAAAGACTACCTGTGGCGAAGGCGCCTAACTAGAACGGATTTGACTGTGAGGGACGAAAGCCAGGGGAGCAAACCGGATTAGATACCCGAGTAGTCC	Archaea	Nanoarchaeota	Nanoarchaeia	Woesearchaeales	Woesearchaeales	Woesearchaeales	
GTGTCAGCAGCCGCGGTAACCCCAGCGCCACAAGTGGCAATCGCTATTATTGGGCCTAAAGCGTCCGTAGCCGGCCGAGTAAATCTTTTGTGAAATTGTCCCGCTTAACGGGACAACGTGCAGAAGACACTGCTTGGCTCGGAACCGGGAGGAGTCAGAGGTATGCTGGGGGGAGCGGTAAAATGTGATAATCCCCAGTAGACCACCTGTGGCGAAGGCGTCTGACTAGAACGGATTCGACGGTGAGGGACGAAAGCCAGGGGAGCAAAACGGATTAGATACCCGAGTAGTCC	Archaea	Nanoarchaeota	Nanoarchaeia	Woesearchaeales	Woesearchaeales	Woesearchaeales	
GTGTCAGCAGCCGCGGTAATACAGAGGGTGCGAGCGTTAATCGGATTTACTGGGCGTAAAGCGTGCGTAGGTGGCTTGATAAGTCAGGTGTGAAATCCCCGAGCTCAACTTGGGAACTGCATTTGATACTGTCTGGCTAGAGTGTGGTAGAGGGTAATGGAATGCCAGGTGTAGCGGTGAAATGCGTAGATATCTGGTGGAACATCAGTGGCGAAGGCGATTACCTGGACCAACACTGACACTGAGGCACGAAAGCGTGGGTAGCAAACAGGATTAGATACCCCTGTAGTCC	Bacteria	Proteobacteria	Gammaproteobacteria	Acidiferrobacterales	Acidiferrobacteraceae	Sulfurifustis	
GTGTCAGCAGCCGCGGTAATACAGAGGGTGCGAGCGTTAATCGGAATGACTGGGCGTAAAGGGTGCGTAGGTGGAAGCATAAGTGTGTTGTGAAATCCCTGGGCTTAACCTGGGAATGGCAACGCAAACTGAGTTTCTGGAGTGGGGTAGAGGCGTGAGGAATTTCCGGTGTAGCGGTGAAATGCGTAGAGATCGGAAAGAACACCAGTGGCGAAGGCGGCACGCTGGGCCCACACTGACACTGAGGCACGAAAGCATGGGGAGCAAACAGGATTAGAAACCCCAGTAGTCC	Bacteria	Proteobacteria	Gammaproteobacteria				
GTGCCAGCAGCCGCGGTAATACGAAGGATGCAAGCGTTATCCGGATTCACTGGGTTTAAAGGGTGTGCAGGTGGGGTAATAAGTCAGTGGTGAAAGCCCCCGACTCAATCGGGGAACTGCCATAGATACTGTTATTCTTGAGTGTAGTTGAGGCGGATGGAATATGACATGTAGCGGTGAAATGCTTAGATATTTCATAGAACACCAATCGCGAAGGCAGTCCGCCAAACTATTACTGACACTGAAACACGAAAGTGCGGGGATCAAACAGGATTAGAAACCCCTGTAGTCC	Bacteria	Bacteroidota	Bacteroidia	Sphingobacteriales	AKYH767	AKYH767	uncultured_bacterium
GTGCCAGCAGCCGCGGTAATACAGAGACCTCAAGCGTTATCCGAATTTACTGGGCGTAAAGCGTCCGCAGGTGGTTTTGTAAGTCAGGCGTAAAAGCCAGAAGCTCAACTTCTGTTCGGCGCTTGATACTGCATAACTAGAGGCTGGGAGAGGCAAGTGGAATGCCTGGTGTAGCAGTAAAATGCGTTCATATCAGGTAGAACACCAAATGCGAAAGCAGCTTGCTGGAACAGTTCTGACACTCATGGACGAAAGCGTGGGGAGCGAATGGGATTAGAAACCCTTGTAGTCC	Bacteria	Patescibacteria	ABY1	Candidatus_Buchananbacteria	Candidatus_Buchananbacteria	Candidatus_Buchananbacteria	Parcubacteria_group
GTGCCAGCAGCCGCGGTAAGACAGAGGTGGCAAGCGTTGTTCGGATTTACTGGGCGTAAAGGGTGCGTAGGTGGTTAGGTAAGACCTGCGGGAAAGACCTGGGCTTAACCCAGGAAGGTCGTAGGTGACTGCCTGGCTAGAGGGCGGGAGAGGAGAGCGGAATTCCCGGTGTAGCGGTGAAATGCGTAGAGATCGGGAGGAAGGCCGGTGGCGAAGGCGGCTCTCTGGAACGTTCCTGACACTGAGGCACGAAAGCGTGGGGAGCAAACAGGATTAGATACCCTAGTAGTCC	Bacteria	Nitrospirota	Nitrospiria	Nitrospirales	Nitrospiraceae	Nitrospira	uncultured_Nitrospiraceae
GTGTCAGCAGCCGCGGTAACACCTGCGCCACAAGTGGCTATCACGTTTATTGGGTCTAAAGCGTTCGTAGCCGTCCTTAAAAGTCTCTTGTGAAATTGTTAAGCTTAACTTGACAGCGTGCAAGAGATACTATAAGGATAGAGACTGGGAAGAGATAGAAGTATTATAGGTGTAGCGGTAAAATGTTATAATCCCTATAAGACTACCAATGGCGAAGGCATCTATCTAGAACAGGTCTGACGGTGAGGAACGAAGGCTAGGGGAGCAAAACGGATTAGATACCCGCGTAGTCC	Archaea	Nanoarchaeota	Nanoarchaeia	Woesearchaeales	Woesearchaeales	Woesearchaeales	
GTGTCAGCAGCCGCGGTAATACGAAGGGGGCTAGCGTTGCTCGGAATCACTGGGCGTAAAGGGCGCGTAGGCGGCCATTTAAGTCGGGGGTGAAAGCCTGTGGCTCAACCACAGAATTGCCTTCGATACTGGGTGGCTTGAGTCCGGAAGAGGTTGGTGGAACTGCGAGTGTAGAGGTGAAATTCGTAGATATTCGCAAGAACACCGGTGGCGAAGGCGGCCAACTGGTCCGGAACTGACGCTGAGGCGCGAAAGCGTGGGGAGCAAACAGGATTAGATACCCTTGTAGTCC	Bacteria	Proteobacteria	Alphaproteobacteria	Rhizobiales	Beijerinckiaceae	Methylobacterium-Methylorubrum	Methylobacterium_organophilum
GTGTCAGCAGCCGCGGTAATACAGAGGGTGCAAGCGTTAATCGGAATTACTGGGCGTAAAGCGCACGTAGGTGGGTTAGAAAGTTGGATGTGAAAGCCCTGGGCTTAACCTGGGAACTGCATTCAATACTACTAGTCTAGAGTACAGGAGAGGGAAGTGGAATTTCCGGTGTAGTGGTGAAATACGTAGATATCGGAAGGAACACCAATGGCGAAGGCAACTTCCTGGACTGATACTGACACTGAGGTGCGAAAGCGTGGGGAGCAAACAGGATTAGATACCCCAGTAGTCC	Bacteria	Proteobacteria	Gammaproteobacteria				
GTGCCAGCAGCCGCGGTAAGACAGAGGCCTCAAACGTTATCCGGTGTTATTAGGCGTAAAGCGTCCGCTCGGTGGTCCGCCGCATCTCCGGTTAAATCCTAAGGCCCAACCTTAGGAAAGCTGGAGAGATGGGCGAACTGGAGGCGGGGAAAGGCAAGCGGAATGGCTGGTGTAGTAGTAAAATGCGTTAATATCAGCCAGAACACCAAAAGCGAAAGCAGCTTGCTGGAACCGTCCTGACACTCAAGGACGAAAGCGTGGGGAGCGAATGGGATTAGAAACCCCCGTAGTCC	Bacteria	Patescibacteria	ABY1	Candidatus_Kerfeldbacteria	Candidatus_Kerfeldbacteria	Candidatus_Kerfeldbacteria	
GTGTCAGCAGCCGCGGTAATCCCGGAGCCACGAGTGGGGACCAGTTCTATTGGGTCTAAAGCGTCCGTAGTCGGTCGTGATAGTTTCTTGTGAAATAGTTCTTCTTAACAGAACTGAGTGCAAGGAATACTTCACGACTTGAGACCGGGAGGGGACAGGAGTATGCCAAGGGGAGCGGTAAAATGCGATAATCCTTGGTAGACTACCAATAGCGAAGGCATCTGTCCAGAACGGGTCTGACGATCAGGGACGAAAGCTAGGGGAGCAAAAGGGATTAGAAACCCTGGTAGTCC	Archaea	Nanoarchaeota	Nanoarchaeia	Woesearchaeales	Woesearchaeales	Woesearchaeales	uncultured_archaeon
GTGTCAGCAGCCGCGCAATATCGTTATCGTTATACGTCACCGTTACCATCATCTAGGAGACAACACCTACTAGACTTAAGTTTGACAGGACAGGTTCGATAATGCACGCTTAAACTAGTCAACTAGGAACTTGGAGGAGGAATGGATGTCGGATCGTACAGCAATCCTCGCTGAACGAGCGCACAGGGGCATCATCGCTCTCACGGCGGCGAAACCCGTGTAGTCC	Unassigned						
GTGTCAGCAGCCGCGGTAATCCCGGAGCCACAAGTGGCAATCACAATTATTGGGCCTAAAGGGTCCGTAGCCGACTTAATAACTCTTCTGTGAAATTGCTAGACTTAATTTAGCGAATTGCAAAAGAAACTGTTAAGTTAGAGACCGGGAAGAGGCAGAGGTATTCCTTGGGGAGCGGTAAAATGTTTTAATCCTTGGAAGACCACCAATGGCGAAGGCATCTGTCTAGAACGGGTCTGACGGTGAGGGACGAAAGCTAGGAGAACGATCGGGATTAGATACCCTAGTAGTCC	Archaea	Nanoarchaeota	Nanoarchaeia	Woesearchaeales	Woesearchaeales	Woesearchaeales	uncultured_archaeon
GTGTCAGCAGCCGCGGTGAGACGGAGGTGGCAAGCGTTGCTCGGATTCACTGGGTGTAAAGGGCAAGTAGGCGGCTTCGTAAGTCGGGTGTGAAATCCCACGGCTTAACCGTGGAACTGCGTCCGAACCTGCGAGGCTTGAGGACGAGAGAGGCGAACGGAATTCCCGGTGTAAGGGTGAAATCTGTAGAGATCGGGAGGAACACCAGTGGCGAAGGCGGTTCGCTGGCTCGTCCCTGACGCTGAGAGGCGAAAGCTAGGGCAGCAAACAGGATTAGAAACCCCCGTAGTCC	Bacteria	Verrucomicrobiota	Omnitrophia	Omnitrophales	Omnitrophaceae	Candidatus_Omnitrophus	
GTGTCAGCAGCCGCGGTGAGACGTGGGGTGCAAGCATTATCCGGAATTACTGGGCGTAAAGAGTTCTGTAGGCGCCTAATTAAGTTCTCATTTAAATCTCCAGGCTCAACCTGGATTTCGGTGAGAAAACTAATAAGGTAGAGAAAAGTAGGGACATGGGGAACAAATGGTGGAGCAGTGAAATGCGTTGATATCATTTGGAACACCAAAGGCGAAGGCACCATGTTGGGCTTTTTCTGACGCTGAGAGACGAAAGCGTGGGGAGCAAAACGGATTAGAAACCCTCGTAGTCC	Bacteria	Patescibacteria					
GTGTCAGCAGCCGCGGTAAGACGTAGGGGGCAAGCGTTGTCCGGATTTACTGGGCGTAAAGCGCGTGCAGGCGGTCCGCTAAGTCCCGTGTTAAAGCCTCCGGCTCAACCGGAGAACGCCGCGGGAGACTGGTGGGCTTGAGGGCGGTAGAGGGTGATGGAATTCCCGGTGTAGCGGTGAAATGCGTAGATATCGGGAGGAACGCCAGTGGCGAAGGCGGTCACCTGGGCCGTCCCTGACGCTGAGACGCGAAAGCTGGGGGAGCAAACGGGATTAGATACCCGAGTAGTCC	Bacteria	GAL15	GAL15	GAL15	GAL15	GAL15	uncultured_bacterium
GTGCCAGCCGCCGCGGTAATACGTAGGGTGCTAGCGTTGTTCGGAATCACTGGGCGTAAAGAGTGTGTAGGTTGTGATCTAAGTCTGATGTGAAATCCTCTGGCTTAACCAGAGAACTGCATTGGAAACTGGATCACTTGAGTTCGGTAGGGGAAAGCGGAATTCCTGGTGTAGAGGTGAAATTCGTAGATATCAGGAGGAATACCGGTGGCGAAGGCGGCTTTCTGGGCCGACACTGACACTGAGACACGACAGCGTGGGGATCAAACAGGATTAGAAACCCGTGTAGTCC	Bacteria						
GTGTCAGCAGCCGCGGTAATACAGAGGTGGCAAGCGTTGTTCGGAATTACTGGGCGTAAAGGGCGCGTAGGCGGCCATCTAAGTCAGACGTGAAATCCCCCGGCTCAACCTGGGAACTGCGTCTGATACTGGGAGGCTAGAGTTTGGGAGAGGGATGTAGAATTCCAGGTGTAGCGGTGAAATGCGTAGATATCTGGAGGAATACCGGTGGCGAAGGCGGCATCCTGGACCAATACTGACGCTGAGGCGCGAAAGCTAGGGGAGCAAACGGGATTAGATACCCCGGTAGTCC	Bacteria	Acidobacteriota	Vicinamibacteria	Vicinamibacterales	Vicinamibacteraceae	Vicinamibacteraceae	
GTGTCAGCAGCCGCGGTAATACGGAGGGTGCGAGCGTTAATCGGAATTACTGGGCGTAAAGGGTGCGTAGGTGGTTTATTAAGTTATCTGTAAAATCCCTGGGCTTAACCTGGGCAGGTCAGATAAGACTGGTAGACTCGAGTATGGGAGAGGGTAGTGGAATTTCCGGTGTAGCGGTGAAATGCGTAGAGATCGGAAGGAACACCAGTGGCGAAGGCGGCTACCTGGCCTAATACTGACACTGAGGCACGAAAGCGTGGGGAGCAAACAGGATTAGATACCCGAGTAGTCC	Bacteria	Proteobacteria	Gammaproteobacteria	Legionellales	Legionellaceae	Legionella	
GTGTCAGCAGCCGCGGTAATACGTAGGGTGCAAGCGTTGTTCGGAATCACTGGGCGTAAAGTGTGTGTAGGCGGTTATTTAAGTCTGGTGTGAAATCCTCGGGCTCAACCCGAGAACTGCATCGGAAACTGGATGACTGGAGTGCGGTAGAGGAAAGTGGAATTCCTGGTGTAGAGGTGAAATTCGTAGATATCAGGAGGAATACCAGTTGCGAAGGCGACTTTCTGGGCCGTTACTGACGCTGAGACACGACAGCGTGGGGAGCAAACAGGATTAGAAACCCTTGTAGTCC	Bacteria						
GTGCCAGCAGCCGCGGTAATACGGAGGTGGCAAGCGTTGCTCGGATTTACTGGGTGTAAAGGGCACGTAGGCGGTCCTGTAAGCCCTGCCTGAAATACTCTGGCTCAACCAGAGAACGTGGTGGGGGACTGCAGGACTTGAGGATGGGATAGGCGAGCGGAATTCCCGGTGTAAGGGTGAAATCTGTAGAGATCGGGAGGAACACCAGTGGCGCAAGCGGCTCGCTGGCCCATAACTGACGCTGAGGTGCGAAAGCTAGGGGAGCAAACAGGATTAGAAACCCCGGTAGTCC	Bacteria	Verrucomicrobiota	Omnitrophia	Omnitrophales	Omnitrophaceae	Candidatus_Omnitrophus	
GTGTCAGCAGCCGCGGTAATACAGAACCCCCGAGCGTTATCCGGATTTATTGGGCGTAAAGGGTCCGTAGCCGGTTTTGTAAGTCTTTGGTTAAATACCAGAAGCTCAACTTTTGGAATGCCAAGGAAACTGCGGAACTTGAGGGTATTAGGGGCTGATAGAACGCACGGTGGAGGGGTGAAATCCGTTGATATCGTGCGGAATACCAAAAGCGAAGGCATTCAGCTGGGGTAACCCTGACGGTGAGGGACGAAAGCGTGGGGAGCAAAAAGGATTAGAAACCCTTGTAGTCC	Bacteria	Patescibacteria	Parcubacteria				
GTGTCAGCAGCCGCGGTAATACGTAGGTTGCAAGCGTTATTCGGATTCACTAGGCGTAAAGCGGGTGTAGGTGGGCAGCTAAGTTTCCCGTGCAAGCCTTGGGCTTAACCCAGGGAGGTCAGGAAATACTGGTTGTCTTGAGTGAGGTAGGGGAGGTTGGAATTCCTGGTGTAGCGGTGAAATGCGTAGATATCAGGAGGAACATCAACGGCGAAGGCAGGCCTCTGGGCCTCCACTGACACTGAGACCCGAAAGCTAGGGGAGCAAACAGGATTAGATACCCCTGTAGTCC	Bacteria						
GTGTCAGCAGCCGCGGTAAGACAGAGGTGGCTAGCGTTGTTCGGATTTATTGGGTGTAAAGGGTGTGTAGGCGGCGAGCTAAGTGAGATGTGAAATCCCGGGGCTCAACCCCGGAACTGCATTTCATACTGGCTTGCTAGAGTCTCTGAGAGGCAAGGGGAATTCCCGGTGTAGGGGTGAAATCCGTAGATATCGGGAGGAACACCAGTAGCGAAGGCGCCTTGCTGGTGGAAGACTGACGCTGAAACACGAAAGCTAGGGGAGCAAACAGGATTAGATACCCCTGTAGTCC	Bacteria	Verrucomicrobiota	Omnitrophia	Omnitrophales	Omnitrophaceae	Candidatus_Omnitrophus	
GTGTCAGCAGCCGCGGTAATACGAGTGGTGCAAGCGTTACCCGGAATCATTGGGCGTAAAGCGTCCGCAGGTGGCGCATTAAGTCGGGTGTGAAATCTCCCAGCTCAACTGGGAATTCGTGCCTGAAACTGATGTGCTAGAGGCTTGGTGAGGTGAGTGGAATTCGGTGTGTAGGGGTAAAATCCGTAGATACACCGAGGAACACCAAAAGCGAAAGCAGCTCACTGGTCAAGTCCTGACACTCAGGGACGAAAGCGTGGGGATCAAACGGGATTAGATACCCTTGTAGTCC	Bacteria	Patescibacteria	Gracilibacteria	Candidatus_Peregrinibacteria	Candidatus_Peregrinibacteria	Candidatus_Peregrinibacteria	
GTGTCAGCAGCCGCGGTAATACAGAGGTGGCAAGCGTTGTTCGGATTTACTGGGTGTAAAGGGCACGTAGGCGGTTCGGAAAGTCGAATGTGAAATCCTATGGCTTAACCATAGAACTGCATCCGATACTTCCGGGCTAGAGTGTGGGAGAGGAAGATGGAATTCCCGGTGTAAGGGTGAAATCTGTAGATATCGGGAGGAACACCAGTGGCGAAGGCGATCTTCTGGCCCATTACTGACGCTCAGTGTGCGAAAGCAGGGGGAGCAAACGGGATTAGATACCCCGGTAGTCC	Bacteria	Verrucomicrobiota	Omnitrophia	Omnitrophales	Omnitrophaceae	Candidatus_Omnitrophus	Candidatus_Omnitrophus
GTGTCAGCAGCCGCGGTAACCCCAGCGCCACAAGTGGCAGCCACATTTATTGGGCCTAAAGCGTCCGTAGCCGGTTTGATAAATCTCCTGTGAAATCGTTGCGCTTAACGTAACGGCGTGCAGGAGACACTGTCTGACTAGGGACCGGGAAGAGTTAGGGGTATTTCTGGGGGAGCGGTTAAATGTTATAATCCCAGAAGGACCACCTGTGGCGAAAGCGCCTAACTAGAACGGATCCGACGGTGAGGGACGAAAGCCAGGGGAGCAAACCGGATTAGAAACCCGTGTAGTCC	Archaea	Nanoarchaeota	Nanoarchaeia	Woesearchaeales	Woesearchaeales	Woesearchaeales	uncultured_archaeon
GTGCCAGCAGCCGCGGTCATACGTAGGACCCAAGCGTTATCCGGAGTGACTGGGCGTAAAGAGTTGCGTAGGCGGACAAGTAAGCGAATAGTAAAATCTGGTGGCTCAACCATCAACCTATTGTTCGAACTGCTGGTCTCGAGAATGGTAGAGGTAGCTGGAATTTCTTGTGTAGGAGTGAAATCCGTAGATATAAGAAGGAACACCAATGGCGTAGGCAGGCTACTGGACCATTTCTGACGCTGAGGCACGAAAGCGTGGGGAGCGAACCGGATTAGAAACCCGAGTAGTCC	Bacteria	Patescibacteria	Saccharimonadia	Saccharimonadales	Saccharimonadales	Saccharimonadales	
GTGTCAGCAGCCGCGCCACCAAGAGCAGAGCCAAGCACAAATGTTCGTCGTCGAACCTGTCGTGTGTCGATCCCCAAGACTTCTGCGACAACCTCGTTGTCAGCGGTCGCGCGCATGGCTTTTCCAAACCTTGAAAAGCGAACGCCCGCCCAAAGAATAAGAAAGAGAATGACTGCGGAAAGGATGATCACTCCCTGTAGGAGCGAAAGAGTCCCGCCAGCTATCGTGTAAACCGTTGTCGAAAACCCGAGCGACTGACCTTGAGCGCCAAACAAAAGGATGATAAAGGCCCCGCACATCATGAGCATGGCAATGGTTGCAATGAGAAACCCTAGTAGTCC	Bacteria						
GTGTCAGCAGCCGCGGTAAGACGTAGGATGCAAGCGTTATCCGGAATTATTGGGTGTAAAGCGTACGCAGGTTGTTTGTTAAGTTGGATGTTAAAGCTTTGAGCTCAACTCAAAATTGGTATTCAAAACTGGCAAACTAGAGAAAGGCAGAGGCATATGGAATTCTGTATGTAGGGGTGATATCCGTAGATATACAGAGGAACACCAAAAGCGAAGGCAGTATGCTGGGCCTTTTCTGACACTCATGTACGAAAGCGTGGGTAGCAAACGGGATTAGATACCCGCGTAGTCC	Bacteria	Patescibacteria	Gracilibacteria				
GTGTCAGCAGCCGCGGTAATACGGGGGCCCCGAGCGTTGTCCGGTTTTATTGGGCGTAAAGAGTTCTGTAGGCTGTAGTATAAGTTACTGGTTAAAGGTTCGGGCTCAACCCGAAACATACTTGTAATACTGTACTACTAGAGGTAGACAGGGGAGGGCGGAACGCATGGTGTAGTGGTGGAATACGTTGATATCATGCGGAACACCGAAGGCGAAGGCAGCCCTCTGGGTCTTATCTGACGCTAAGAGACGAAAGCGTGGGTAGCAAAACGGATTAGAAACCCGTGTAGTCC	Bacteria	Patescibacteria	WWE3	WWE3	WWE3	WWE3	uncultured_bacterium
GTGTCAGCAGCCGCGGTAATACGTGGGTCACAAGCGTTATCCGATGTTACTTGGCGTAAAGCGTGTGTAGGTGGTCTATTAAGTCACTTTTCAAATCTCCCGACCTAATCGGGAAGAGGGAAGCGATACTGATAAACTTTGAGTTTTCTTTAGGGAAATCGGAATTTATGGAGGAGTAGTGAAATGCGTTGATACCATAAAGAACACCAGTGGCGAAGGCGGATTTCTGAAAGATAACTGACACTGAGACACGAAAGCTAGGGGAGCGAACCGGATTAGAAACCCTTGTAGTCC	Bacteria	Patescibacteria	Microgenomatia	Candidatus_Roizmanbacteria	Candidatus_Roizmanbacteria	Candidatus_Roizmanbacteria	
GTGTCAGCAGCCGCGGTAATACAGAGACCCCGAGCGTTATCCGGATTTATTGGGCGTAAAGAGTCTGTAGGCGTCCTGTTAAGTCTTAGGTTAAAGACCACTGCTCAACGGTGGCAAAGCCTGAGAAACTGGCAGGATTGAGGTTGGGAGAGGTAAGCGGAATTGCTGGTGTAGTAGTAAAATGCGTTAATATCAGCAAGAACACCAAAGGCGAAGGCAGCTTACTGGAACACACCTGACGCTGAGAGACGAAAGCGTGGGGAGCGAATGGGATTAGAAACCCGAGTAGTCC	Bacteria	Patescibacteria	ABY1	Candidatus_Kerfeldbacteria	Candidatus_Kerfeldbacteria	Candidatus_Kerfeldbacteria	uncultured_bacterium
GTGTCAGCAGCCGCGGTAACCCCAGCGCCATGAGTGGTGATCACATTTATTGGGTCTAAAGCATCCGTAGCTGACTTAATAACTCTTTTGTAAAATCATTAGACTTAATTTAATGGTGTTCAAAAGAAACTGTTAAGTTCGAGACTGGGAAGAGTTAGAAGTATCCTTTGGGAAGCGGTAAAATGTTTTAATCCTTAGGAGACTACCTATGGCGAAGGCATCTAACTAGAACAGGTCTGACAGTGAGGGATGAAGGCTAGGGGCGCGAACCGGATTAGAAACCCCAGTAGTCC	Archaea	Nanoarchaeota	Nanoarchaeia	Woesearchaeales	Woesearchaeales	Woesearchaeales	
GTGCCAGCAGCCGCGGTAACCCCAGCGCCACAAGTGGGAACCACTATTATTGGGTCTAAAGCATCCGTAGCCGGCTTTGCAAATTTTCTGTGAAATCGTTCTGCTCAACAGAACGGCGTGCAGGAAACACTGCATTGCTTGGGACCAGGAGGGGTAGGCAGTATTCCTTGGGGAGCGGTAAAATGTTATAATCCAAGGAGGACTACCGATGGCGAAGGCAGTCTACCAGAATGGATCCGACGGTGAGGGATGAAAGCTAGGGGAGCGATCCGGATTAGAAACCCTCGTAGTCC	Archaea	Nanoarchaeota	Nanoarchaeia	Woesearchaeales	Woesearchaeales	Woesearchaeales	
GTGCCAGCAGCCGCGGTAATACGTAGGGGGCGAGCGTTGTCCGGAATCATTGGGCGTAAAGGGCTTGTAGGTGGTCCGGTAAGTCAGATGTTAAATTTATCCGCTCAACGGGTAACCGCATTTGATACTGCCGGACTAGAGAATGGTAGAGGAAAGCAGAACTTCCGGTGTAGCGGTGAAATGCGTAGATATCGGAAGGAATACCAGTGGCGAAGGCGGCTTTCTGGGCCATTTCTGACACTGAGAAGCGAAAGCCAGGGGAGCAAACGGGATTAGAAACCCCAGTAGTCC	Bacteria	WOR-1	WOR-1	WOR-1	WOR-1	WOR-1	uncultured_bacterium
GTGTCAGCAGCCGCGGTAATACGTAGGGGGCAAGCGTTGTCCGGAATTATTGGGCGTAAAGCGCGTGTAGGCGGTTTATTAAGTCAGATGTTAAAAATATGGGCTTAACCCGTATTCAGCGTTTGATACTGATAGGCTAGAGAGATATAGAGGAAAGCGGAACTTCCGGTGTAGCGGTGAAATGCGTAGATATCGGAAGGAACACCAGTGGCGAAGGCGGCTTTCTGGATATTTTCTGACGCTGAGACGCGAAAGCTAGGGGAGCAAACGGGATTAGAAACCCTTGTAGTCC	Bacteria	WOR-1	WOR-1	WOR-1	WOR-1	WOR-1	uncultured_bacterium
GTGTCAGCAGCCGCGGTAACACCGGCGGCCCGAGTGGTAGCCGTTATTATTGGGTTTAAAGGGTCCGTAGCCGGCTTATTAAGTCTCTTGGGAAATCTGGCGACTCAATCGTCAGGCGTCCAAGAGATACTGATAGGCTTGGGACCGGGAGAGGTGGGAGGTACTCCAGGGGTAGGGGTGAAATCTCGTAATCCTTGGGGGACCACCGATGGCGAAGGCATCCCACCAGAACGGGTCCGACGGTGAGGGACGAAAGCTGGGGGCACGAACCGGATTAGAAACCCCTGTAGTCC	Archaea	Halobacterota	Methanosarcinia	Methanosarciniales	Methanoperedenaceae	Candidatus_Methanoperedens	
GTGTCAGCAGCCGCGGTAATAACGGCTCCACGAGTGGTACTCACGTATGTTGGGCCTAAAGCATCCGTAGCCTGTCTGGCCAGTTTCCTGTGAAATCCTGCTGAAAACAGCAGGGCGTGCAGGGAATACTACCAGACTTGGGACCGGGAGGGGTGTAGAGTACTTTCAGGGTAGAGGTGGAATTCTGTAATCCTGAAGGGACTACCTGTGGCGAAGGCGCTACACTGGAACGGATCCGACGGTGAGGGATGAAAGCTGGGGGAGCAAACGGGATTAGATACCCTAGTAGTCC	Archaea	Aenigmarchaeota	Deep_Sea_Euryarchaeotic_Group(DSEG)	Deep_Sea_Euryarchaeotic_Group(DSEG)	Deep_Sea_Euryarchaeotic_Group(DSEG)	Deep_Sea_Euryarchaeotic_Group(DSEG)	uncultured_archaeon
GTGTCAGCAGCCGCGGTAAGACAGAGGGTGCGAGCGTTATCCGGAATTACTGGGCGTAAAGCGTGTGTAGGCGGGACAGAAAGTCGGGGGTGAAATCCTCAAGCTCAACTTGAGGTTTGTCTCCGAAACTTCTGACCTTTGAAGCAAACAGAGGCAAGCGGAATTCTGTGTGTAGGGGTAATATCCGTAGATACACGGAGGAACGCCGAAAGCGAAAGCAGCTTGCCGGGTTTGTCTTGACGCTGAGACACGAAAGCGTGGGGAGCAAACAGGATTAGAAACCCTGGTAGTCC	Bacteria						
GTGTCAGCAGCCGCGGTAATACGTAGGTGGCAAGCGTTATCCGGAATTATTGGGCGTAAAGCGTTCGTAGGCTTTTTGTTAGGTCCTTAATTAAATATGAAAGCTCAACTTTCATCAAGTCGAGGAAACCAACAGAATAGAAAGGTATCGAGGTAAGTGGAATTTGCAGTGTAGCAGTGAAATGCGTTGATATTGCAAGGAACACCAATGGCGAAGGCAGCTTACTAGGTACTATTTGACGCTGAGGAACGAAAGCGTGGGTAGCAAACGGGATTAGATACCCTTGTAGTCC	Bacteria	Patescibacteria	Berkelbacteria	Berkelbacteria	Berkelbacteria	Berkelbacteria	
GTGTCAGCAGCCGCGGTAAGACGAAGGTGGCGAGCGTTACTCGGAATTACTAGGCGTAAAGCGTGGGCAGGTGGTCTGATAAGTCTGTTGTGAAAGCTCCCGGCTTAACTGGGAGAGGCCAATGGATACTGTCGGACTTGAATGTGGGAGAGGTGACTGGAATTCCCGGTGTAGCGGTGAAATGCGTAGAGATCGGGAGGAACACCAATGGCGAAAGCAGGTCACTGGACCACTATTGACACTCATCCACGAAAGCTGGGGGATCAAACAGGATTAGAAACCCCTGTAGTCC	Bacteria	Elusimicrobiota	Elusimicrobia	MVP-88	MVP-88	MVP-88	
GTGTCAGCAGCCGCGGTAAGACGAAGGTGGCAAGCGTTACTCGGAATTACTAGGCGTAAAGCGTCCGTAGGTGGGGCGGAAAGTCAAAGGTGAAATCTTCGGGCTCAACCCGAAGCTGGCTTTTGATACTTCCGTTCTAGAGTGAGGGAGGGGTGGCTGGAATTTCCGGTGTAGCGGTGAAATGCGTAGATATCGGAAGGAACACCAATGGCGAAAGCAGGTCACTGGACCTCTACTGACACTGAGGGACGAAAGCGTGGGGAGCAAACAGGATTAGAAACCCCCGTAGTCC	Bacteria						
GTGTCAGCCGCCGCGGTAATACGAGGGGGGCGAGCGTTGTTCGGAATCACTGGGCGTAAAGAGTGCGTAGGCGGCCATGAAAGTTAGAAGTGAAAGCCCAGGGCTTAACCCTGGAATTGCTTTTAAAACTACATGGCTCGAATTCGGGAGAGGATAGCGGAATTCTCAGTGTAGCAGTGAAATGCGTAGATATTGAGAGGAACACCAGTGGCGTAAGCGGCTATCTGGACCGACATTGACGCTGAGGCACGAAAGCGTGGGGATCAAACAGGATTAGATACCCCAGTAGTCC	Bacteria	Proteobacteria	Alphaproteobacteria	Rhodospirillales	uncultured	uncultured	
GTGCCAGCAGCCGCGGTAATACGTAGGATGCAAGCGTTGCTCGGAATTATTGGGCGTAAAGGGCGCGTAGGTGGCCCTATAAGTCAGATGTGAAAGCCCTCGGCTTAACTGAGGAACTGCATTTGAAACTGTGGGGCTTGAGTACGGTAGAGGGGGGTGGAATTCCTGGTGTAGCGGTGAAATGCGTAGATATCAGGAAGAACATCTGTGGCGAAGGCGACCCCCTGGACCGATACTGACACTGAGGCGCGAAAGCGTGGGGAGCAAACAGGATTAGAAACCCTAGTAGTCC	Bacteria	DTB120	DTB120	DTB120	DTB120	DTB120	uncultured_bacterium
GTGCCAGCAGCCGCGGTCATCAAATTGAAACGGCAGAACGATCGGAGGATCGGAAAACTTCAGAGCTTTTTTAAAAAGTTGGTCATCCGTCGGTCCATAAACCGAACCTTCGCTCAAGGCCACATCAAGTCCGATTACCTTTGCACTTTGGAGCCGACCTAGCACCTTCCCAAAAATCTCCCGCCGCCACGGCCAGCTTCCGACGGAACCAATACTGGCATCGTCAATGCCAACGATGACGAGCTCGGCGAGAGCAGGTTTTTTTACAAAAAAACGATCGAATATTTTTTCCTGCCAGGAGTCCAGAAACCCCAGTAGTCC	Unassigned						
GTGTCAGCAGCCGCGGTAATACGTAGGTGGCGAGCGTTACTCGGAATTACTAGGCGTAAAGCGCGTGTAGGCGGGAGGTTAAGTTCGCTGTTAAATCTCATAGCTCAACTATGAAATGCCGGCGAATACTGGCTTTCTTGAATTCGGTAGAGGAAACTGGAATTCCAGGTGTAGCGGTGAAATGCGTAGATATCTGGAAGAACGCCAAAGGCGAAGGCAGGTTTCTGGGCCGCAATTGACGCTGAGACGCGAAAGCTAGGGGAGCAAACAGGATTAGATACCCGCGTAGTCC	Bacteria	Elusimicrobiota	Elusimicrobia	Lineage_IV	Lineage_IV	Lineage_IV	Elusimicrobia_bacterium
GTGCCAGCAGCCGCGGTAAGACAGAGGTCACGAGCGTTATCCGGAATTATTGGGCGTAAAGGGTGTGTAGGCGGAGCATTAAGTCGAGGGTTAAATCTTCCAGCTCAACTGGAAATCTGTTCTCGAAACTAATGTTCTTTTGAAGCATTCAGGGGCAAGTGGAATTCTGTGTGTAGGGGTAAAATCCGTAGATACACGGAGGAACACCAAAAGCGAAAGCAGCTTGCCGGGAATGTCTTGACGCTGAGACACGAAAGCGTGGGTAGCAAACAGGATTAGAAACCCTAGTAGTCC	Bacteria	Patescibacteria	Gracilibacteria				
GTGCCAGCAGCCGCGGTAATACGTAGGGTGCGAGCGTTATTCGGATTTACTGGGCGTAAAGAGTGTGTAGGTGGTTAGATGCGTCCTTGATTAAAGACCCGGGCTCAACCCGGGGAGTGTTGAGGATACGATCTGACTAGAGGTTTGCAGGGGCAGATGGAATTCCCGGTGTAGCAGTGAAATGCGTAGATATCGGGAAGAACACCAATGGCAAAAGCAGTCTGCTGGGCTAACTCTGACACTGAGACACGAAAGCGTGGGGAGCGAACGGGATTAGAAACCCGTGTAGTCC	Bacteria						
GTGCCAGCAGCCGCGGTAATACGGAGGTGGCAAGCGTTGTTCGGATTTATTGGGTGTAAAGGGCATGTAGGTGGCCTTGCCCCGAAAGGGGTTCTTAGCGCAAGCTAAGAGTAAGTCAGATGTGAAATCCTCCCGCTCAACGGGAGAACGGCATTTGAAACTGCAAGGCTTGAGTACGGGAGAGGAGAGGGGAATTCCCGGTGTAAGAGTGAAATCTGTAGATATCGGGAGGAACACCAGTGGCGAAGGCGCCTCTCTGGCCCAGTTCTGACACTGAAATGCGAAAGCTAGGGGAGCAAACAGGATTAGAAACCCTGGTAGTCC	Bacteria	Verrucomicrobiota	Omnitrophia	Omnitrophales	Omnitrophaceae	Candidatus_Omnitrophus	uncultured_bacterium
GTGTCAGCAGCCGCGGTAATACAGAGACCTCAAACGTTGTCCGGATTTATTGGGCGTAAAGGGTCCGTAGGCGGTTTCATACGTCCCGCGTTAAAGTCTGGAGCTTAACTTCAGAAGTGCGCGGGATACGGTGAGGCTAGAGCATGGGAGAGGCGAGCGGAATTGCCGGTGTAGTAGTAAAATGCGTTAATCTCGGCAAGAACACCAAATGCGAAGGCAGCTCGCTGGAACATTGCTGACGCTCAGGGACGAAAGCGTGGGTAGCGAATGGGATTAGAAACCCGAGTAGTCC	Bacteria	Patescibacteria	ABY1	Candidatus_Magasanikbacteria	Candidatus_Magasanikbacteria	Candidatus_Magasanikbacteria	
GTGTCAGCAGCCGCGGTAAGACAGAGGTGGCGAGCGTTGTTCGGATTTACTGGGCGTAAAGCGCGCGTGGGTGGTAGAGTAAGTCTTGTGTGAAATCCTACAGCTCAACTGTAGAAGTGCGCAGGATACTATTATACTAGAGGACGGAAGAGGAGAGCGGAATTCCCGGTGTAGCGGTGAAATGTGTAGATATCGGGAAGAAGGCCGGTGGCGAAGGCGGCTCTCTGGTACGATCCTGACACTAAGGCGCGAAAGCGTGGGGAGCAAACAGGATTAGAAACCCTGGTAGTCC	Bacteria						
GTGTCAGCCGCCGCGGTAACACCCGCGCCACAAGTGGCAATCATAATTATTGGGCCTAAAGCGTCCGTAGCTGGATTAGCAAATCTTCTGTGAAATTGTTAAGCTTAACTTAACAAAGTGCAGGAGAGACTACTAATCTTGGAACTGGGAGGAGTTAGAAGTATTTCTGGGGGAGCGGTAAAATGCTATAATCCCAGAAGGACTACCTGTGGCGAAGGCGTCTAACTAGAACAGATTCGACAGTGAGGGACGAAAGCTAGGGGAGCGATCCGGATTAGAAACCCCGGTAGTCC	Archaea	Nanoarchaeota	Nanoarchaeia	Woesearchaeales	Woesearchaeales	Woesearchaeales	
GTGCCAGCCGCCGCGGTAATACAGAGACCTCAAGCGTTATCCGGATTTATTGGGCGTAAAGCGTCCGCAGGTGGTTTGGCAGGTCAGGGGTTAAAACTCACCGCTTAACGGTGAGATTGCCTTTGAAACCGCCGAACTCGAGGGTGGAAGAGGTGAGCGGAATTCTCGGTGTAGTCGTAATAAGCGTTGATATCGAGAAGAACACCAAATGCGAAGGCAGCTCACTGGTACACTCCTGACACTCATGGACCAAAGCGTGGGGAGCAAACAGGATTAGATACCCTTGTAGTCC	Bacteria	Patescibacteria	ABY1	Candidatus_Magasanikbacteria	Candidatus_Magasanikbacteria	Candidatus_Magasanikbacteria	
GTGTCAGCAGCCGCGGTAATACGAGGAGCCCGAGCGTTGTCCGGAGTAACTGGGCGTAAAGGGTGTGTAGGGGGTTGTGTTAGTCCTGCCTTAAATGTTCCGGCTTAACCGGAACGCCGGGTGGGAAACGGCATAACTCGAGGATGCGAAAGGCGAGTGGAACTCACGGTGTAGGGGTGAAATCCGTTGATATCGTGGGGAACACCAAAAGCGAAGGCAGCTCGCTGGCGCACTCCTGACCCTGAAACACGAAAGCGTGGGGATCAAAAAGGATTAGAAACCCTAGTAGTCC	Bacteria	Patescibacteria	Parcubacteria				
GTGTCAGCAGCCGCGGTAAGACAGAGGTGGCAAGCGTTGTTCGGATTTGTTGGGTGTAAAGGGTTCGTAGGTGGTCGAGTAAGTCTGACGTGAAATCCCATGGCTCAACCGTGGAACTGCGTTGGAAACTGCACGACTTGAGTGCCGCAGAGGTAAAGGGAATTCCCGGTGTAAGGGTGAAATCTGTAGATATCGGGAGGAACACCAGTGGCGAAGGCGCTTTACTGGGCGGTTACTGACACTGAGGAACGAAAGCAAGGGGAGCAAACAGGATTAGATACCCTCGTAGTCC	Bacteria	Verrucomicrobiota	Omnitrophia	Omnitrophales			
GTGTCAGCAGCCGCGGTAATACGTAGGGGGCGAGCGTTGTCCGGAATCATTGGGCGTAAAGGGCGTGTAGGTGGTCTTTCAAGTCAGATGTAAAATCTGCGGGCTCAACCCGTAGCCGCATCTGATACTGTCAGACTAGAGAATGGTAGAGGTAAGCGGAACAGCCAGTGTAGCGGTGAAATGCGTAGATATTGGCTGGAACACCAGTGGCGAAGGCGGCTTACTGGGCTATTTCTGACACTGAGACGCGAAAGCTAGGGGAGCAAACGGGATTAGATACCCTTGTAGTCC	Bacteria	WOR-1	WOR-1	WOR-1	WOR-1	WOR-1	
GTGTCAGCAGCCGCGGTAAAACGGAGGGTGCAAGCGTTGTTCGGAGTTACTGGGCGTAAAGCGCGTGTAGGTGGTTTTTTAAGTCCTGTGTGAAATCCCTCGGCCTAACCGAGGAACGGCGCGGGAAACTGGAAAACTTAGAGTCCGGGAGAAGAGGGCGGAATTCCCAGTGTAGAGGTGAAATTCGTAGATATTGGGAAGAACACCTGAGGCGAAAGCGGCTCTCTGGAACGGTACTGACACTCAAACGCGAAAGCGTGGGGAGCAAACAGGATTAGATACCCCGGTAGTCC	Bacteria						
GTGCCAGCAGCCGCGGTCTATGAAGTGACGAAACATGCGAAGTTTCCCGTCTTTATCTCGCCATTTGTGGGGCGCCTTGATGATCGGGGAGAGTGCGGCATGGATGTAATCGTACATATCCAAAAGTTGTATAAAACTGGAGACAAACATGTGCAAGTATTGACGGCGAGCGTGAGAAACAGGGATCATCTAAACTTTGCCCTCCATCTCAAATCAAATATTATTACGATTCCTTTTAAGGTCTTTAGCGAGTGGGCACAAGATGGGTTTTATGAGCCCAATGCCAATGGCGAAGGCAGCTTGCTGGAACACACCTGACGCTAAATAGCGAAAGCGTGGGGAGCGAATGGGATTAGAAACCCCAGTAGTCC	Bacteria						
GTGTCAGCAGCCGCGGTAATACAGAGGCCCCAAGCATTACCCGGAATTACTGGGCGTAAAGGGTGTCAAGGCGGCCCTATTAGTCTCTCGTTAAATCCGCGGGCTCAACCTGCGGCCGGCGAGAGAAACGGTATGGCTCGAGGGCGTGAGAGGTGCACGGAACTCATGGTGGAGGGGTGAAATCCGTTGATATCATGGGGAACACCAAAGGCGAAGGCAGTGCACTGGTACGTTCCTGACGCTCACACACGAAAGCCAGGGTAGCGAACGGGATTAGATACCCCAGTAGTCC	Bacteria	Patescibacteria	Parcubacteria	Candidatus_Kaiserbacteria	Candidatus_Kaiserbacteria	Candidatus_Kaiserbacteria	Parcubacteria_group
GTGTCAGCAGCCGCGGTAATACAGAGGGTGCAAGCGTTAATCGGAATTACTGGGCGTAAAGGGCGCGTAGGCGGCCAATTAAGTCGGATGTGAAATCCCTGGGCTCAACCTAGGAATTGCATCTGAAACTGACTGGCTAGAGTTTGGTAGAGGAAAGCGGAATTCCCGGTGTAGCGGTGAAATGCGTAGATATCGGGAGGAACACCAGTGGCGAAGGCGGCTTTCTGGACTGAAACTGACGCTGAGGCGCGAAAGCGTGGGTAGCAAACAGGATTAGAAACCCTAGTAGTCC	Bacteria	Proteobacteria	Gammaproteobacteria				
GTGCCAGCAGCCGCGGTAATACAGAGACCCCAAGCGTTATCCGGAATTATTGGGCGTAAAGCGCATGTAGGCTGAGAGGCAAGTCTTGGGTGAAATGCTTCGGCTCAACCGAGGCACTATCTGAGAAACTACCTTTCTCGAAGAAGGCAGAGGCATATGGAATTCTCGGTGTAGGGGTAATATCCGTTGATATCGGGAGGAACGCCAAAAGCGAAGGCAGTATGCTGGGCCTTTCTTGACGCTGAGATGCGAAAGCGTGGGGAGCAAACAGGATTAGAAACCCCGGTAGTCC	Bacteria						
GTGTCAGCAGCCGCGGTAATACGGAGGGCGCAAGCGTTGTTCGGAATCACTGGGCGTAAAGTGCGTCTAGGCGGGTAATCAAGTCAGATGTGAAAGACCCTGGCTCAACCAGGGAGGTGCGTCTGAAACTGATTGTCTTGAAGCATGGAGAGGTGGGCGGAATTCCTGGTGTAGCAGTGAAATGCGTAGATATCAGGAGGAACATCTGCGGCGAAGGCGGCTCACTGGCCATGTCTTGACGCTGAAGCGCGAAAGCGTGGGTAGCAAACAGGATTAGATACCCCTGTAGTCC	Bacteria						
GTGTCAGCAGCCGCGGTAATACAGAGACCTCAAACGTTATCCGGAGTTATTGGGCGTAAAGGGTCCGCAGGTGGTTGGGGAAGTCGATGGTCAAACCCTTGGGCTTAACTCAAGGACTGCTGTCGAAACTCCCCGGCTGGAGGCTGGGAGAGGCAAGCGGAATTCTCGGTGTAGTCGTAATAAGCGCTGATATCGAGAAGAACACCAAAGGCGAAGGCAGCTTGCTAGAACATGCCTGACACTCATGGACGAAAGCGTGGGGAGCGAATAGGATTAGAAACCCCTGTAGTCC	Bacteria	Patescibacteria	ABY1	Candidatus_Magasanikbacteria	Candidatus_Magasanikbacteria	Candidatus_Magasanikbacteria	uncultured_bacterium
GTGCCGGCAGCCGCGGTAACCCCAGCGCCACAAGTGGTAACCACGATTATTGGGTCTAAAGCACCTGTAGCCGATCTGTTAACTCTCTTGTGAAATTGTTGAGCTTAACTTAACAGCTTGCAAGAGAAACTGACAGTTTAGAGACTGGTAGGAGGCAGAAGAATTCTAAGGGGAACGGTAAAATGTGATAATCCTTAGAAGACTACCAATGGCGAAGGCATCTGCCTAGAACAGGTCTGACGGTGAGAGGTGAAGGCTAGGAGAACGATCGGGATTAGATACCCTCGTAGTCC	Archaea	Nanoarchaeota	Nanoarchaeia	Woesearchaeales	Woesearchaeales	Woesearchaeales	
GTGTCAGCAGCCGCGGCAGGATTTAAAGTGGCAAGGGATCTGATAATTCGCAATTCCCCATTTCTGATTTCTAACGAATTCTCAAATCTTGGGTCTCAAATCTCAAAAGAACTCGGTTTTCCCCGTGTAGTCC	Unassigned						
GTGTCAGCAGCCGCGGTAATACGAGTGCCCCGAGCGTTATCCGGAATCACTGGGCGTAAAGGGTGTGTAGGCGGCGTTATTAGTCTTTTGTGAAATCTTTCGGCTCAACCGGAATCACGCAAAAGAAACGGTAACACTAGAGGGTGCGAGAGGTCTGTGGAACTCATGGTGTAGGGGTGAAATCCGTTGATATCATGGGGAACACCAAATGCGAAGGCAGCAGACTGGCGCATTCCTGACGCTGAAACACGAAAGCGTGGGTAGCGAATGGGATTAGATACCCCTGTAGTCC	Bacteria	Patescibacteria	Parcubacteria				
GTGTCAGCAGCCGCGGTAATACGTAGGTCTCGAGCGTTATCCGGTTTTATTGGGCGTAAAGCGTGTGCAGGCGTCTCGGTAAGTCCTTTTTTAAAGCCCAGAGCTTAACTCTGGAATCGAAAGGATACTACCGGGATTGAGTGAGCTAGGGGGTACTGGAACTGGCGGAGGAGCAGTGAAATGCGATGATACCGCTGTGAACACCAAGGGCGAAGGCAAGTACCTGGGGCTTTACTGACGCTCAGACACGAAAGCGTGGGGAGCAAAACGGATTAGATACCCTTGTAGTCC	Bacteria						
GTGTCAGCCGCCGCGGTAATCCCGGCGGTCCAAGTCGCATCCACAATTATTGGGTCTAAAACATTCGTAGCTTGTTTTGTAAGTCTCTTGTGAAATCTCAAATCTTAAGTTTGAGGCGTGCAAGAGATACTACATTGCTAGAGACCGGAAGACGCAAAGAGTATGACTAAGGTAGTGGTAAAATACGTTAATCTTGGTCAGACTAACAACGGCGAAGGCACTTTGCGAGTACGGATCTGACAGTGAGGAATGAAGGCTAGGGGCGCGAAAGGGATTAGAAACCCTTGTAGTCC	Archaea	Nanoarchaeota	Nanoarchaeia	Woesearchaeales	Woesearchaeales	Woesearchaeales	
GTGTCAGCAGCAGCGGTAATACAGAGACCTCAAGTGTTATCCGGATTTATTGGGCGTAAAGCGTCCGCAGATTGTTTAACGGGTCAGGGGTCAAAACTCAGTGCTTAACATTGGGATTGCTTTTGAAACTATTAAACTAGAGGATGGAAGAGGTAAGCGGAATTGCAGGTGTAGTCGTAATAAGCGTTGATATCTGCAAGAACACCAAAGGCGAAGGCAGCTTACTGGTACATTCCTGACATTCATGGACGAAAGCGTGGGGAGCGAACAGGATTAGATACCCCAGTAGTCC	Bacteria	Patescibacteria	ABY1	Candidatus_Magasanikbacteria	Candidatus_Magasanikbacteria	Candidatus_Magasanikbacteria	
GTGTCAGCAGCCGCGGTAATACGAGTGGCCCAAGCGTTATCCGGAATTATTGGGCGTAAAGGATATGTAGGTGGTTGTATTAGTCGAATGTCTAACCTCTGAGCTCAACTTGGAGACAGCATTCGAAACGGTACGGCTAGAGTATGTCAGGGGTAAGCGGAACTCATAGTGTAGGGGTGAAATCCGTTGATATTATGGGGAACACCAAAAGCGAAGGCAGCTTACTGGGACATTACTGACACTGAAATATGAAAGCGTGGGTAGCGAATGGGATTAGAAACCCTTGTAGTCC	Bacteria	Patescibacteria	Parcubacteria	Candidatus_Nomurabacteria	Candidatus_Nomurabacteria	Candidatus_Nomurabacteria	uncultured_bacterium
GTGTCAGCCGCCGCGGTAATACGGAGGGTGCAAGCGTTATCCGGAATCACTGGGCGTAAAGCGTCTGTAGGCGGTTTTGTAAGTCGGATATTAAATCTTGGGGCTTAACCCCAAAATTGTATTCGAAACTGTGAAACTTGAGAACTGAAGAGGTACACGGAATTCTGCATGTAGGGGTAAAATCCGTAGATATGCAGAGGAACACCAAAAGCGATGGCAGTGTACTGGGCAGTTTCTGACGCTCAGAGACGAAAGCGTGGGGAGCGACCGGGATTAGATACCCGTGTAGTCC	Bacteria	Patescibacteria	Gracilibacteria				
GTGTCAGCAGCCGCGGTAATACGAAGGCCACAAGCGTTATCCGGATTTATTGGGCGTAAAGCGCGCGTAGGAGGTTTAACACGTCTTCCGTTAAATTCTTAGGGCTCAACCCTGAGGCTGCGGAGGATACGATTAAACTAGAGGACGTCAGAGGCTGATGGAACGCACGGTGTAGGGGTGAAATCCGTTGATATCGTGCGGAACACCAAAGGCGAAGGCATTCAGCTGGGACGTTTCTGACTCTAAGGCGCGAAAGCGTGGGGAGCAAAAAGGATTAGAAACCCTAGTAGTCC	Bacteria	Patescibacteria	Parcubacteria				
GTGTCAGCAGCCGCGGTAATACGTAGGTTGCAAGCGTTACTCGGATTCACTAGGCGTAAAGCGGGTGTAGGCGGATCGTTAAGTTCTCTGTGAAAGCTCCAAGCTTAACTTGGAGAGGTCAGGGAATACTGGCGGTCTCGAGTGGGGTAGGGGGAACTGGAATTCCCGGTGTAGCGGTGAAATGCGTAGATATCGGGAGGAACACCAACGGCGAAGGCAGGTTCCTGGGCCTTTACTGACGCTGAGACCCGAAAGCTAGGGGAGCAAACAGGATTAGATACCCGAGTAGTCC	Bacteria						
GTGTCAGCAGCCGCGGTAATACAGAGACCTCAAGCGTTATCCGGAATTACTGGGCGTAAAGCGTACCGATAGGCGGACTAATAAGTCTAGGGTAAAATCCAGAGGCTCAACTTCTGGCGCGCCCTGGATACTGTTGGTCTAGAGGGGCAAAGAGGTGCTTGGAACGAACGGTGTAGCAGTGAAATGCGTTGATATCGTTCGGAACACCGATAGCGAAGGCAGAGCACTGGGTGCCACCTGACGCTGCTAGGACGAAAGCGTGGGTAGCGAATGGGATTAGATACCCGAGTAGTCC	Bacteria	Patescibacteria	Parcubacteria	Parcubacteria	Parcubacteria	Parcubacteria	uncultured_bacterium
GTGCCAGCAGCCGCGGTAATACGAAGGGGGCGAGCGTTATTCGGAATTATTGGGCGTAAAGGGCGTGTAGGCGGTTAGATAAGTCTTATGTTTAATTTTTCGGCTTAACTGAAAGCATGCATAAGATACTGTTTAGCTAGAGTACGAGAGAGAAAAGTAGAATTCTTGGAGTAGCGGTCAAATGCGTAGATCTCAAGAGGAATGCCAATGGCGAAGGCAGCTTTTTGGAGCGTTACTGACGCTGATGCGCGAAGGCGTGGGGAGCAAACAGGATTAGATACCCTGGTAGTCC	Bacteria	Dependentiae	Babeliae	Babeliales	Babeliales	Babeliales	uncultured_bacterium
GTGTCAGCAGCCGCGGTAAGACAGAGGGTGCAAACGTTGCTCGGAATTACTGGGCGTAAAGCGCGTGTAGGCGGACCGGTAAGTCAGATGTGAAAGCCCTGGGCTCAACCCAGGAACTGCATTTGAAACTGCCGGCCTTGAGTGGTGGAGAGGGAAGCGGAATTCCTGGTGTAGAGGTGAAATTCGTAGATATCAGGAGGAACACCGGTGGCGAAGGCGGCTTCCTGGACACCAACTGACGCTGAGACGCGAAAGCGTGGGGAGCAAACAGGATTAGATACCCCGGTAGTCC	Bacteria	Myxococcota	Polyangia	Polyangiales	Sandaracinaceae	uncultured	uncultured_marine
GTGTCAGCAGCCGCGGTAATACGAAGGGAGCAAGCGTTATTCGGAATCACTGGGCGTAAAGGGTGCGTAGGCGGCCAATTAAGTCAGTTGTTAAATTCCTCGGCTTAACCGGGGATCAGCGATTGAAACTGATCGGCTAGAGTGCAGAAGAGAGAGGTGGAATTATCGGAGTAGCGGTAAAATGCGTAGATCTCGATAGGAACACCAATGGCGAAGGCAGCCTCTTGGTCTGTGTCTGACGCTAAAGCACGAAAGCGTGGGGAGCAAACAGGATTAGAAACCCCGGTAGTCC	Bacteria	Dependentiae	Babeliae	Babeliales			
GTGTCAGCAGCCGCGGTAAGACAGAGGTCGCGAGCGTTATCCGGAATCATTGGGCGTAAAGCGTGTGTAGGCGGATCGCCAAGTCGGAGGTTAAATTTTCATGCCTAACGTGAAACATGTCTCCGAAACTGGCGTGTCTGGAAGTAGGCAGAGGCAAGCGGAATTCTGTGTGTAGGGGTAATATCCGTAGATACACGGAGGAACGCCAAAAGCGAAGGCAGCTTGCTGGGCCTATCTTGACGCTGAGACACGAAAGCGTGGGGAGCAAACAGGATTAGATACCCGTGTAGTCC	Bacteria	Patescibacteria	Gracilibacteria	Gracilibacteria	Gracilibacteria	Gracilibacteria	uncultured_bacterium
GTGCCAGCAGCCGCGGTAATACGAGGGCCCCAAGCGTTATCCGGATTTATTGGGCGTAAAGAGTGCGTAGGAGGTCAGATACATTTCTTGTTAAATGTCTCCGCTTAACGGGGTCACCGCAGGGAAGACGGTCTGACTAGAGGATACTAGAGGTTAACAGAACGCATGGTGTAGGGGTGAAATCCGTTGATATCATGCGGAATACCAAAGGCGAAGGCAGTTAACTGGGGTATTCCTGACTCTTAATGCACGAAAGCTAGGGGAGCAAACAGGATTAGATACCCGGGTAGTCC	Bacteria	Patescibacteria					
GTGCCAGCAGCCGACTATGGAATTGGAGGACGTGACAAATGGATACGTGCCAAAATCAATATCCAGGAACGTCCCCTGCGCGCCTTCGAAAAGAACGGATTTCTTGTGATCCAGCGCATCATTTAAGTAAAGCGCGGCATCGCAGACGTAAGGACTAAGTTTTTTCCCGTACCCCAGATACTCCTCGTAGATACCCTAGTAGTCC	Unassigned						
GTTGTCAGCAGCCGCGGTAATACGAAGGGTGCAAGCGTTGCTCGGAATTATTGGGCGTAAAGGGTGAGTAGGTGGTCTGATTTGTCTGGGGTGAAATCCTTGAGCTTAACTCAAGACGTGCCTTGGAAACGGTCAGACTAGAGTACTGGAGAGGGTCGCAGAATTCTTGGTGTAGCGGTGAAATGCGTAGATATCAAGAGGAATACCAGCGGCGAAAGCGGCGACCTGGACAGTTACTGACACTCAATCACGAAAGCGTGGGGAGCAAACAGGATTAGATACCCGTGTAGTCC	Bacteria	Bdellovibrionota	Oligoflexia	0319-6G20	0319-6G20	0319-6G20	uncultured_bacterium
GTGCCAGCAGCCGCGGTAACACCTGCGCCACAAGTGGCGATCATAATTATTGGGTCTAAAGCGTTCGTAGGAGGTTTGATAACTCTTTTGTGAAATTGTTAGGCTTAACTTAACAACGTGCAAGAGAAACTGTCAGACTAGAGACTGGGAGGAGGTAGAGGTACTCTAGGGGTAGCGGTAAAATGTTATAATCCCTGGAAGACCACCAGTGGCGAAGGCGTCTATCTAGAACGGGTCTGACTCTGAGGAACGAAGGCTAGGGGAGCAAAACGGATTAGAAACCCCTGTAGTCC	Archaea	Nanoarchaeota	Nanoarchaeia	Woesearchaeales	Woesearchaeales	Woesearchaeales	
GTGTCAGCAGCCGCGGTAATACAGAGAGTGCAAGCGTTAATCGGAATTACTGGGCGTAAAGCGCGCGTAGGTGGATATTTAAGTCGAATGTGAAATCCCTGGGCTTAACCTGGGAATTGCATCCGATACTGGATGTATAGAGTATGGTAGAGGGAAGTGGAATTTCCGGTGTAGCGGTGAAATGCGTAGATATCGGAAAGAACACCAGTGGCGAAAGCGGCTTCCTGGACCAATACTGACACTGAGGCGCGAAAGCGTGGGGAGCAAACAGGATTAGAAACCCGAGTAGTCC	Bacteria	Proteobacteria	Gammaproteobacteria	Coxiellales	Coxiellaceae	Coxiella	
